ashmem_pss_kb,ashmem_rss_kb,at,command,cpu_pct_one_core,cpu_pct_ps,elapsed_s,fd_count,java_pss_kb,minutes,native_alloc_kb,native_pss_kb,phase,physical_footprint_kb,pid,platform,ppid,pss_kb,role,round,rss_kb,system_visible,threads,view_roots,views,vmmap_file,window_visible
,,2026-09-06T09:40:25+08:00,,,,0.771,112,12724,0.016666666666666666,39677,37484,preflight,,26438,,,99912,KBoard (30s),0,239824,True,46,2,812,,True
,,2026-09-06T09:40:55+08:00,,6.977,,31.441,144,12472,0.5166666666666667,39716,36403,home-resume,,26438,,,98454,KBoard (30s),1,238516,True,46,2,812,,True
,,2026-09-06T09:41:26+08:00,,8.114,,62.251,185,15440,1.0333333333333334,42682,38399,focus-switch,,26438,,,103617,KBoard (30s),1,243676,False,46,2,812,,False
,,2026-09-06T09:41:57+08:00,,8.342,,93.177,143,21312,1.55,44378,39479,show-hide,,26438,,,110509,KBoard (30s),2,250584,True,46,4,831,,True
,,2026-09-06T09:42:28+08:00,,8.127,,124.061,143,12552,2.066666666666667,40201,37159,home-resume,,26438,,,99517,KBoard (30s),2,239604,True,46,2,811,,True
,,2026-09-06T09:42:59+08:00,,7.449,,154.939,142,16652,2.5833333333333335,41890,39899,relay-recreate,,26438,,,106246,KBoard (30s),2,246524,True,46,2,812,,True
,,2026-09-06T09:43:30+08:00,,9.395,,185.702,139,19884,3.1,45788,40491,show-hide,,26438,,,109995,KBoard (30s),3,250332,True,46,4,831,,True
,,2026-09-06T09:44:00+08:00,,6.626,,216.488,138,14344,3.6,41520,38879,home-resume,,26438,,,102963,KBoard (30s),3,243304,True,46,2,812,,True
,,2026-09-06T09:44:31+08:00,,8.801,,247.281,151,15028,4.116666666666666,41731,39463,relay-recreate,,26438,,,104190,KBoard (30s),3,244500,True,47,2,812,,True
,,2026-09-06T09:45:03+08:00,,8.292,,279.24,147,13280,4.65,40489,37303,show-hide,,26438,,,100311,KBoard (30s),4,240700,False,47,2,811,,False
,,2026-09-06T09:45:34+08:00,,7.671,,310.134,144,14736,5.166666666666667,42175,38787,focus-switch,,26438,,,103428,KBoard (30s),4,243768,True,47,2,812,,True
,,2026-09-06T09:46:05+08:00,,8.872,,341.016,151,14988,5.683333333333334,41702,38911,relay-recreate,,26438,,,103661,KBoard (30s),4,244120,True,47,2,812,,True
,,2026-09-06T09:46:36+08:00,,7.721,,371.969,147,13036,6.2,39802,37447,home-resume,,26438,,,100368,KBoard (30s),5,240844,True,47,2,811,,True
,,2026-09-06T09:47:07+08:00,,7.474,,402.874,146,14528,6.716666666666667,41761,38599,focus-switch,,26438,,,103096,KBoard (30s),5,243488,True,47,2,812,,True
,,2026-09-06T09:47:38+08:00,,8.505,,433.682,134,22204,7.233333333333333,44324,39643,show-hide,,26438,,,111768,KBoard (30s),6,252260,True,47,4,829,,True
,,2026-09-06T09:48:08+08:00,,7.685,,464.52,147,12556,7.733333333333333,39833,37171,home-resume,,26438,,,99504,KBoard (30s),6,240008,True,47,2,811,,True
131,656,2026-09-06T09:48:35.942791+08:00,,,,1.4,148,14468,8.199046516666666,41207,38463,,,26438,pad,,102734,pad:com.newlink.kemi.kboard,,243248,,47,,,,
86403,173316,2026-09-06T09:48:35.942791+08:00,,,,1.4,264,5572,8.199046516666666,222798,210612,,,32656,pad,,388505,pad:com.newlinksz.kemi.remote,,614608,,155,,,,
,,2026-09-06T09:48:35.942791+08:00,/Applications/KEMI远程办公.app/Contents/MacOS/KEMI远程办公,,11.5,1.4,97,,8.199046516666666,,,,,18666,mac,1,,mac:main,,147360,,74,,,,
,,2026-09-06T09:48:35.942791+08:00,/Applications/KEMI远程办公.app/Contents/MacOS/KEMI远程办公 --cm,,2.9,1.401,45,,8.199046516666666,,,,,18686,mac,18666,,mac:--cm,,99232,,32,,,,
,,2026-09-06T09:48:40+08:00,,8.292,,495.395,190,13812,8.266666666666667,42007,38655,focus-switch,,26438,,,102433,KBoard (30s),6,242812,False,47,2,812,,False
,,2026-09-06T09:49:10+08:00,,8.908,,526.489,147,21068,8.766666666666667,44694,40179,show-hide,,26438,,,111063,KBoard (30s),7,251592,True,47,4,831,,True
131,656,2026-09-06T09:49:38.033525+08:00,,8.691,,63.491,143,12580,9.233892083333334,40050,36859,,,26438,pad,,99476,pad:com.newlink.kemi.kboard,,239900,,47,,,,
86403,173316,2026-09-06T09:49:38.033525+08:00,,173.294,,63.491,264,4004,9.233892083333334,221718,208959,,,32656,pad,,384836,pad:com.newlinksz.kemi.remote,,610992,,134,,,,
,,2026-09-06T09:49:38.033525+08:00,/Applications/KEMI远程办公.app/Contents/MacOS/KEMI远程办公,17.651,13.1,63.492,98,,9.233892083333334,,,,,18666,mac,1,,mac:main,,152576,,76,,,,
,,2026-09-06T09:49:38.033525+08:00,/Applications/KEMI远程办公.app/Contents/MacOS/KEMI远程办公 --cm,2.496,1.7,63.492,46,,9.233892083333334,,,,,18686,mac,18666,,mac:--cm,,97568,,32,,,,
,,2026-09-06T09:49:41+08:00,,8.302,,557.326,142,13320,9.283333333333333,40709,37823,home-resume,,26438,,,101217,KBoard (30s),7,241612,False,47,2,812,,False
,,2026-09-06T09:50:12+08:00,,7.372,,588.39,145,12592,9.8,40966,39087,relay-recreate,,26438,,,101835,KBoard (30s),7,242284,True,47,2,812,,True
131,656,2026-09-06T09:50:21.639775+08:00,,,,3.55,145,12564,9.960662916666667,41130,37963,,,26438,pad,,100568,pad:com.newlink.kemi.kboard,,241000,,47,,,,
86403,173316,2026-09-06T09:50:21.639775+08:00,,,,3.55,264,3732,9.960662916666667,220933,208891,,,32656,pad,,384292,pad:com.newlinksz.kemi.remote,,610452,,122,,,,
,,2026-09-06T09:50:21.639775+08:00,/Applications/KEMI远程办公.app/Contents/MacOS/KEMI远程办公,,12.1,3.55,98,,9.960662916666667,,,,639897.6,18666,mac,1,,mac:main,,151664,,75,,,vmmap-18666-000002.txt,
,,2026-09-06T09:50:21.639775+08:00,/Applications/KEMI远程办公.app/Contents/MacOS/KEMI远程办公 --cm,,1.6,3.55,46,,9.960662916666667,,,,79052.8,18686,mac,18666,,mac:--cm,,100240,,32,,,vmmap-18686-000003.txt,
,,2026-09-06T09:50:43+08:00,,10.388,,619.29,147,19796,10.316666666666666,45083,40211,show-hide,,26438,,,110005,KBoard (30s),8,250420,False,47,4,831,,False
,,2026-09-06T09:51:14+08:00,,6.154,,650.326,142,14436,10.833333333333334,41388,38559,focus-switch,,26438,,,102865,KBoard (30s),8,243444,True,47,2,812,,True
131,656,2026-09-06T09:51:23.175829+08:00,,8.241,,65.087,144,12604,10.986263816666668,41209,38411,,,26438,pad,,101054,pad:com.newlink.kemi.kboard,,241564,,47,,,,
87923,176356,2026-09-06T09:51:23.175829+08:00,,158.752,,65.087,264,3920,10.986263816666668,221263,209159,,,32656,pad,,386439,pad:com.newlinksz.kemi.remote,,614116,,132,,,,
,,2026-09-06T09:51:23.175829+08:00,/Applications/KEMI远程办公.app/Contents/MacOS/KEMI远程办公,10.912,5.5,65.087,95,,10.986263816666668,,,,,18666,mac,1,,mac:main,,155440,,75,,,,
,,2026-09-06T09:51:23.175829+08:00,/Applications/KEMI远程办公.app/Contents/MacOS/KEMI远程办公 --cm,1.367,0.0,65.087,45,,10.986263816666668,,,,,18686,mac,18666,,mac:--cm,,100384,,32,,,,
,,2026-09-06T09:51:45+08:00,,10.235,,681.103,144,14856,11.35,41603,39807,relay-recreate,,26438,,,104675,KBoard (30s),8,245276,True,47,2,812,,True
,,2026-09-06T09:52:16+08:00,,7.647,,711.963,115,12992,11.866666666666667,40016,37419,home-resume,,26438,,,100445,KBoard (30s),9,240936,True,47,2,811,,True
131,656,2026-09-06T09:52:24.596749+08:00,,8.651,,126.508,147,12588,12.009945816666667,39431,36679,,,26438,pad,,99155,pad:com.newlink.kemi.kboard,,239768,,47,,,,
87923,176356,2026-09-06T09:52:24.596749+08:00,,163.423,,126.508,264,3988,12.009945816666667,221265,208735,,,32656,pad,,386260,pad:com.newlinksz.kemi.remote,,613832,,136,,,,
,,2026-09-06T09:52:24.596749+08:00,/Applications/KEMI远程办公.app/Contents/MacOS/KEMI远程办公,14.409,14.2,126.508,95,,12.009945816666667,,,,,18666,mac,1,,mac:main,,147248,,75,,,,
,,2026-09-06T09:52:24.596749+08:00,/Applications/KEMI远程办公.app/Contents/MacOS/KEMI远程办公 --cm,1.905,1.4,126.508,45,,12.009945816666667,,,,,18686,mac,18666,,mac:--cm,,105040,,33,,,,
,,2026-09-06T09:52:47+08:00,,7.84,,742.831,148,14404,12.383333333333333,41192,38559,focus-switch,,26438,,,102881,KBoard (30s),9,243500,True,47,2,812,,True
,,2026-09-06T09:53:18+08:00,,9.568,,773.663,137,22180,12.9,44305,40047,relay-recreate,,26438,,,112179,KBoard (30s),9,252788,True,47,4,829,,True
131,656,2026-09-06T09:53:26.028182+08:00,,8.403,,187.939,147,13188,13.033803033333333,39747,37079,,,26438,pad,,100191,pad:com.newlink.kemi.kboard,,240804,,47,,,,
87923,176356,2026-09-06T09:53:26.028182+08:00,,170.129,,187.94,264,3876,13.033803033333333,221383,208603,,,32656,pad,,385776,pad:com.newlinksz.kemi.remote,,613460,,128,,,,
,,2026-09-06T09:53:26.028182+08:00,/Applications/KEMI远程办公.app/Contents/MacOS/KEMI远程办公,16.816,19.4,187.94,95,,13.033803033333333,,,,,18666,mac,1,,mac:main,,152224,,75,,,,
,,2026-09-06T09:53:26.028182+08:00,/Applications/KEMI远程办公.app/Contents/MacOS/KEMI远程办公 --cm,2.035,1.3,187.94,45,,13.033803033333333,,,,,18686,mac,18666,,mac:--cm,,105744,,32,,,,
,,2026-09-06T09:53:48+08:00,,6.874,,804.504,140,12532,13.4,39890,37523,home-resume,,26438,,,100058,KBoard (30s),10,240580,True,47,2,811,,True
,,2026-09-06T09:54:19+08:00,,8.246,,835.426,148,14508,13.916666666666666,41055,38491,focus-switch,,26438,,,102937,KBoard (30s),10,243556,True,47,2,812,,True
131,656,2026-09-06T09:54:27.507758+08:00,,8.132,,249.419,146,14628,14.058462633333333,41164,39839,,,26438,pad,,104409,pad:com.newlink.kemi.kboard,,245024,,47,,,,
87923,176356,2026-09-06T09:54:27.507758+08:00,,181.707,,249.419,264,3896,14.058462633333333,221571,208951,,,32656,pad,,386234,pad:com.newlinksz.kemi.remote,,613916,,134,,,,
,,2026-09-06T09:54:27.507758+08:00,/Applications/KEMI远程办公.app/Contents/MacOS/KEMI远程办公,17.615,13.7,249.42,95,,14.058462633333333,,,,,18666,mac,1,,mac:main,,157056,,75,,,,
,,2026-09-06T09:54:27.507758+08:00,/Applications/KEMI远程办公.app/Contents/MacOS/KEMI远程办公 --cm,2.017,3.1,249.42,45,,14.058462633333333,,,,,18686,mac,18666,,mac:--cm,,106080,,32,,,,
,,2026-09-06T09:54:50+08:00,,8.915,,866.386,132,20052,14.433333333333334,43541,39099,show-hide,,26438,,,109197,KBoard (30s),11,249836,True,47,4,829,,True
,,2026-09-06T09:55:21+08:00,,7.402,,897.19,147,12560,14.95,39442,37719,home-resume,,26438,,,100314,KBoard (30s),11,240948,True,47,2,811,,True
131,656,2026-09-06T09:55:31.071305+08:00,,7.861,,312.983,142,13432,15.117855083333334,41348,38651,,,26438,pad,,102290,pad:com.newlink.kemi.kboard,,242864,,49,,,,
89443,179396,2026-09-06T09:55:31.071305+08:00,,159.692,,312.983,264,3844,15.117855083333334,221733,209363,,,32656,pad,,388125,pad:com.newlinksz.kemi.remote,,617220,,128,,,,
,,2026-09-06T09:55:31.071305+08:00,/Applications/KEMI远程办公.app/Contents/MacOS/KEMI远程办公,14.019,15.8,312.983,95,,15.117855083333334,,,,651571.2,18666,mac,1,,mac:main,,161936,,74,,,vmmap-18666-000312.txt,
,,2026-09-06T09:55:31.071305+08:00,/Applications/KEMI远程办公.app/Contents/MacOS/KEMI远程办公 --cm,1.797,1.4,312.983,45,,15.117855083333334,,,,88166.4,18686,mac,18666,,mac:--cm,,109456,,32,,,vmmap-18686-000312.txt,
,,2026-09-06T09:55:52+08:00,,9.273,,928.141,189,15676,15.466666666666667,41965,39215,focus-switch,,26438,,,105056,KBoard (30s),11,245676,True,47,2,812,,True
,,2026-09-06T09:56:23+08:00,,7.957,,959.056,147,20180,15.983333333333333,44220,39483,show-hide,,26438,,,109878,KBoard (30s),12,250452,True,47,4,831,,True
131,656,2026-09-06T09:56:32.488031+08:00,,8.673,,374.4,147,13268,16.141467183333333,40310,37595,,,26438,pad,,100958,pad:com.newlink.kemi.kboard,,241532,,47,,,,
89443,179396,2026-09-06T09:56:32.488031+08:00,,163.255,,374.4,264,3876,16.141467183333333,221201,208343,,,32656,pad,,387161,pad:com.newlinksz.kemi.remote,,616256,,129,,,,
,,2026-09-06T09:56:32.488031+08:00,/Applications/KEMI远程办公.app/Contents/MacOS/KEMI远程办公,16.509,12.2,374.401,95,,16.141467183333333,,,,,18666,mac,1,,mac:main,,154176,,75,,,,
,,2026-09-06T09:56:32.488031+08:00,/Applications/KEMI远程办公.app/Contents/MacOS/KEMI远程办公 --cm,2.142,3.3,374.401,45,,16.141467183333333,,,,,18686,mac,18666,,mac:--cm,,109552,,32,,,,
,,2026-09-06T09:56:54+08:00,,8.288,,990.064,142,13428,16.5,41355,38451,home-resume,,26438,,,101974,KBoard (30s),12,242548,False,47,2,812,,False
,,2026-09-06T09:57:25+08:00,,8.138,,1020.907,142,12700,17.016666666666666,41031,38811,relay-recreate,,26438,,,101584,KBoard (30s),12,242304,True,47,2,812,,True
131,656,2026-09-06T09:57:33.971277+08:00,,8.328,,435.884,149,12612,17.16618795,40610,37891,,,26438,pad,,100550,pad:com.newlink.kemi.kboard,,241272,,47,,,,
89443,179396,2026-09-06T09:57:33.971277+08:00,,166.505,,435.884,264,3928,17.16618795,223991,211847,,,32656,pad,,390830,pad:com.newlinksz.kemi.remote,,619952,,138,,,,
,,2026-09-06T09:57:33.971277+08:00,/Applications/KEMI远程办公.app/Contents/MacOS/KEMI远程办公,17.256,14.8,435.884,97,,17.16618795,,,,,18666,mac,1,,mac:main,,169456,,75,,,,
,,2026-09-06T09:57:33.971277+08:00,/Applications/KEMI远程办公.app/Contents/MacOS/KEMI远程办公 --cm,2.537,1.3,435.884,45,,17.16618795,,,,,18686,mac,18666,,mac:--cm,,105360,,32,,,,
,,2026-09-06T09:57:56+08:00,,9.613,,1051.906,147,20020,17.533333333333335,44413,40171,show-hide,,26438,,,110393,KBoard (30s),13,250968,False,47,4,831,,False
,,2026-09-06T09:58:27+08:00,,6.293,,1082.732,142,14424,18.05,41292,38623,focus-switch,,26438,,,103124,KBoard (30s),13,243828,True,47,2,812,,True
131,656,2026-09-06T09:58:35.330853+08:00,,7.895,,497.243,148,12628,18.18884755,40794,38319,,,26438,pad,,101133,pad:com.newlink.kemi.kboard,,241708,,47,,,,
89443,179396,2026-09-06T09:58:35.330853+08:00,,170.875,,497.244,264,3888,18.18884755,224163,211979,,,32656,pad,,390733,pad:com.newlinksz.kemi.remote,,619936,,131,,,,
,,2026-09-06T09:58:35.330853+08:00,/Applications/KEMI远程办公.app/Contents/MacOS/KEMI远程办公,18.448,30.2,497.244,101,,18.18884755,,,,,18666,mac,1,,mac:main,,223312,,81,,,,
,,2026-09-06T09:58:35.330853+08:00,/Applications/KEMI远程办公.app/Contents/MacOS/KEMI远程办公 --cm,2.379,0.0,497.244,46,,18.18884755,,,,,18686,mac,18666,,mac:--cm,,109072,,31,,,,
,,2026-09-06T09:58:57+08:00,,9.813,,1113.507,147,14904,18.55,41741,39999,relay-recreate,,26438,,,104860,KBoard (30s),13,245580,True,47,2,812,,True
,,2026-09-06T09:59:28+08:00,,7.399,,1144.321,104,12776,19.066666666666666,40099,37387,home-resume,,26438,,,100281,KBoard (30s),14,240860,True,47,2,811,,True
131,656,2026-09-06T09:59:36.534517+08:00,,8.605,,558.447,147,12652,19.20890861666667,39796,36955,,,26438,pad,,99560,pad:com.newlink.kemi.kboard,,240268,,47,,,,
89443,179396,2026-09-06T09:59:36.534517+08:00,,154.696,,558.448,264,3928,19.20890861666667,228173,215675,,,32656,pad,,394522,pad:com.newlinksz.kemi.remote,,623728,,134,,,,
,,2026-09-06T09:59:36.534517+08:00,/Applications/KEMI远程办公.app/Contents/MacOS/KEMI远程办公,20.228,13.6,558.448,99,,19.20890861666667,,,,,18666,mac,1,,mac:main,,240176,,83,,,,
,,2026-09-06T09:59:36.534517+08:00,/Applications/KEMI远程办公.app/Contents/MacOS/KEMI远程办公 --cm,2.304,1.1,558.448,46,,19.20890861666667,,,,,18686,mac,18666,,mac:--cm,,105296,,31,,,,
,,2026-09-06T09:59:59+08:00,,7.792,,1175.122,148,14420,19.583333333333332,41049,38663,focus-switch,,26438,,,103049,KBoard (30s),14,243764,True,47,2,812,,True
,,2026-09-06T10:00:30+08:00,,9.413,,1206.036,134,22172,20.1,44459,40043,relay-recreate,,26438,,,112337,KBoard (30s),14,253060,True,49,4,829,,True
131,656,2026-09-06T10:00:39.185330+08:00,,8.278,,621.098,147,13212,20.253088833333333,40102,37083,,,26438,pad,,100403,pad:com.newlink.kemi.kboard,,241128,,49,,,,
89443,179396,2026-09-06T10:00:39.185330+08:00,,168.333,,621.098,264,3844,20.253088833333333,224170,212507,,,32656,pad,,391147,pad:com.newlinksz.kemi.remote,,620352,,127,,,,
,,2026-09-06T10:00:39.185330+08:00,/Applications/KEMI远程办公.app/Contents/MacOS/KEMI远程办公,22.464,12.2,621.099,95,,20.253088833333333,,,,758067.2,18666,mac,1,,mac:main,,241664,,78,,,vmmap-18666-000620.txt,
,,2026-09-06T10:00:39.185330+08:00,/Applications/KEMI远程办公.app/Contents/MacOS/KEMI远程办公 --cm,1.871,0.8,621.099,45,,20.253088833333333,,,,86835.2,18686,mac,18666,,mac:--cm,,109136,,30,,,vmmap-18686-000621.txt,
,,2026-09-06T10:01:01+08:00,,6.873,,1236.88,146,12560,20.616666666666667,39950,37631,home-resume,,26438,,,100406,KBoard (30s),15,241016,True,49,2,811,,True
,,2026-09-06T10:01:32+08:00,,8.045,,1267.706,148,14516,21.133333333333333,40979,38407,focus-switch,,26438,,,103044,KBoard (30s),15,243764,True,49,2,812,,True
131,656,2026-09-06T10:01:40.598903+08:00,,7.741,,682.512,146,14700,21.276648383333335,41100,39719,,,26438,pad,,104536,pad:com.newlink.kemi.kboard,,245272,,49,,,,
89443,179396,2026-09-06T10:01:40.598903+08:00,,171.994,,682.512,264,3880,21.276648383333335,224909,211847,,,32656,pad,,390741,pad:com.newlinksz.kemi.remote,,619836,,134,,,,
,,2026-09-06T10:01:40.598903+08:00,/Applications/KEMI远程办公.app/Contents/MacOS/KEMI远程办公,22.465,19.9,682.513,95,,21.276648383333335,,,,,18666,mac,1,,mac:main,,240768,,78,,,,
,,2026-09-06T10:01:40.598903+08:00,/Applications/KEMI远程办公.app/Contents/MacOS/KEMI远程办公 --cm,1.869,1.1,682.513,45,,21.276648383333335,,,,,18686,mac,18666,,mac:--cm,,115312,,30,,,,
,,2026-09-06T10:02:03+08:00,,8.462,,1298.906,136,19880,21.65,44374,39483,show-hide,,26438,,,109604,KBoard (30s),16,250216,True,49,4,831,,True
,,2026-09-06T10:02:34+08:00,,8.229,,1329.772,147,12608,22.166666666666668,39839,37063,home-resume,,26438,,,99813,KBoard (30s),16,240408,True,49,2,811,,True
131,656,2026-09-06T10:02:42.311145+08:00,,8.091,,744.225,142,13516,22.30518575,40943,38083,,,26438,pad,,101741,pad:com.newlink.kemi.kboard,,242336,,49,,,,
89443,179396,2026-09-06T10:02:42.311145+08:00,,173.254,,744.225,264,3844,22.30518575,225133,212835,,,32656,pad,,391560,pad:com.newlinksz.kemi.remote,,620684,,127,,,,
,,2026-09-06T10:02:42.311145+08:00,/Applications/KEMI远程办公.app/Contents/MacOS/KEMI远程办公,23.139,15.9,744.225,95,,22.30518575,,,,,18666,mac,1,,mac:main,,251104,,77,,,,
,,2026-09-06T10:02:42.311145+08:00,/Applications/KEMI远程办公.app/Contents/MacOS/KEMI远程办公 --cm,1.847,0.1,744.225,45,,22.30518575,,,,,18686,mac,18666,,mac:--cm,,115312,,30,,,,
,,2026-09-06T10:03:05+08:00,,8.482,,1360.779,184,15580,22.683333333333334,42969,39259,focus-switch,,26438,,,105008,KBoard (30s),16,245612,True,49,2,812,,True
,,2026-09-06T10:03:36+08:00,,8.509,,1391.689,147,20208,23.2,44370,39943,show-hide,,26438,,,110345,KBoard (30s),17,250952,True,49,4,831,,True
131,656,2026-09-06T10:03:43.548027+08:00,,8.868,,805.462,147,13212,23.32580045,40785,37651,,,26438,pad,,101157,pad:com.newlink.kemi.kboard,,241764,,49,,,,
89443,179396,2026-09-06T10:03:43.548027+08:00,,159.548,,805.462,264,3892,23.32580045,224494,211943,,,32656,pad,,390813,pad:com.newlinksz.kemi.remote,,619908,,131,,,,
,,2026-09-06T10:03:43.548027+08:00,/Applications/KEMI远程办公.app/Contents/MacOS/KEMI远程办公,21.654,15.8,805.462,95,,23.32580045,,,,,18666,mac,1,,mac:main,,248752,,78,,,,
,,2026-09-06T10:03:43.548027+08:00,/Applications/KEMI远程办公.app/Contents/MacOS/KEMI远程办公 --cm,1.862,1.3,805.462,45,,23.32580045,,,,,18686,mac,18666,,mac:--cm,,115312,,30,,,,
,,2026-09-06T10:04:07+08:00,,7.964,,1422.703,142,13468,23.716666666666665,41119,38899,home-resume,,26438,,,102661,KBoard (30s),17,243268,False,49,2,812,,False
,,2026-09-06T10:04:37+08:00,,8.308,,1453.397,145,12592,24.216666666666665,41000,38199,relay-recreate,,26438,,,101068,KBoard (30s),17,241808,True,49,2,812,,True
131,656,2026-09-06T10:04:44.671536+08:00,,8.172,,866.586,149,12592,24.3445256,41134,38003,,,26438,pad,,100722,pad:com.newlink.kemi.kboard,,241476,,49,,,,
89443,179396,2026-09-06T10:04:44.671536+08:00,,171.373,,866.586,264,3920,24.3445256,225078,211715,,,32656,pad,,390618,pad:com.newlinksz.kemi.remote,,619824,,137,,,,
,,2026-09-06T10:04:44.671536+08:00,/Applications/KEMI远程办公.app/Contents/MacOS/KEMI远程办公,21.791,26.5,866.586,96,,24.3445256,,,,,18666,mac,1,,mac:main,,250432,,82,,,,
,,2026-09-06T10:04:44.671536+08:00,/Applications/KEMI远程办公.app/Contents/MacOS/KEMI远程办公 --cm,1.816,0.2,866.586,45,,24.3445256,,,,,18686,mac,18666,,mac:--cm,,115312,,30,,,,
,,2026-09-06T10:05:08+08:00,,8.871,,1484.284,147,20088,24.733333333333334,44954,40179,show-hide,,26438,,,110565,KBoard (30s),18,251180,False,49,4,831,,False
,,2026-09-06T10:05:39+08:00,,5.962,,1515.146,142,14404,25.25,41340,38559,focus-switch,,26438,,,103109,KBoard (30s),18,243872,True,49,2,812,,True
131,656,2026-09-06T10:05:47.435435+08:00,,7.515,,929.35,148,12616,25.390590583333335,40726,38491,,,26438,pad,,101243,pad:com.newlink.kemi.kboard,,241992,,49,,,,
89443,179396,2026-09-06T10:05:47.435435+08:00,,153.938,,929.35,264,3884,25.390590583333335,223573,212159,,,32656,pad,,390930,pad:com.newlinksz.kemi.remote,,620108,,131,,,,
,,2026-09-06T10:05:47.435435+08:00,/Applications/KEMI远程办公.app/Contents/MacOS/KEMI远程办公,20.597,13.1,929.35,95,,25.390590583333335,,,,770969.6,18666,mac,1,,mac:main,,249200,,78,,,vmmap-18666-000928.txt,
,,2026-09-06T10:05:47.435435+08:00,/Applications/KEMI远程办公.app/Contents/MacOS/KEMI远程办公 --cm,1.899,0.1,929.35,45,,25.390590583333335,,,,91648.0,18686,mac,18666,,mac:--cm,,113920,,30,,,vmmap-18686-000929.txt,
,,2026-09-06T10:06:10+08:00,,9.654,,1545.912,151,14904,25.766666666666666,41664,39435,relay-recreate,,26438,,,104373,KBoard (30s),18,245132,True,49,2,812,,True
,,2026-09-06T10:06:41+08:00,,7.167,,1576.889,112,12992,26.283333333333335,40023,37515,home-resume,,26438,,,100721,KBoard (30s),19,241352,True,49,2,811,,True
131,656,2026-09-06T10:06:48.779566+08:00,,8.276,,990.694,143,12624,26.412992766666665,39832,36983,,,26438,pad,,99658,pad:com.newlink.kemi.kboard,,240416,,49,,,,
89443,179396,2026-09-06T10:06:48.779566+08:00,,154.595,,990.694,264,3900,26.412992766666665,224276,213699,,,32656,pad,,392499,pad:com.newlinksz.kemi.remote,,621700,,133,,,,
,,2026-09-06T10:06:48.779566+08:00,/Applications/KEMI远程办公.app/Contents/MacOS/KEMI远程办公,20.943,10.5,990.694,99,,26.412992766666665,,,,,18666,mac,1,,mac:main,,251040,,83,,,,
,,2026-09-06T10:06:48.779566+08:00,/Applications/KEMI远程办公.app/Contents/MacOS/KEMI远程办公 --cm,2.243,0.1,990.694,46,,26.412992766666665,,,,,18686,mac,18666,,mac:--cm,,106224,,29,,,,
,,2026-09-06T10:07:12+08:00,,8.14,,1607.6,148,14468,26.8,41040,38643,focus-switch,,26438,,,103161,KBoard (30s),19,243940,True,49,2,812,,True
,,2026-09-06T10:07:42+08:00,,9.461,,1638.464,138,22012,27.3,44391,39567,relay-recreate,,26438,,,111779,KBoard (30s),19,252544,True,49,4,829,,True
131,656,2026-09-06T10:07:49.904680+08:00,,8.4,,1051.82,147,13212,27.431744666666667,40005,37199,,,26438,pad,,100589,pad:com.newlink.kemi.kboard,,241352,,49,,,,
89443,179396,2026-09-06T10:07:49.904680+08:00,,164.558,,1051.82,264,3992,27.431744666666667,224480,210507,,,32656,pad,,389553,pad:com.newlinksz.kemi.remote,,618760,,143,,,,
,,2026-09-06T10:07:49.904680+08:00,/Applications/KEMI远程办公.app/Contents/MacOS/KEMI远程办公,19.386,33.6,1051.82,96,,27.431744666666667,,,,,18666,mac,1,,mac:main,,259712,,77,,,,
,,2026-09-06T10:07:49.904680+08:00,/Applications/KEMI远程办公.app/Contents/MacOS/KEMI远程办公 --cm,2.094,0.1,1051.82,45,,27.431744666666667,,,,,18686,mac,18666,,mac:--cm,,99536,,30,,,,
,,2026-09-06T10:08:13+08:00,,7.734,,1669.237,147,12576,27.816666666666666,40165,37703,home-resume,,26438,,,100464,KBoard (30s),20,241228,True,50,2,811,,True
,,2026-09-06T10:08:44+08:00,,6.895,,1700.273,148,14540,28.333333333333332,41411,38699,focus-switch,,26438,,,103573,KBoard (30s),20,244208,True,50,2,812,,True
131,656,2026-09-06T10:08:51.246869+08:00,,7.9,,1113.162,144,14716,28.454114483333335,41558,39955,,,26438,pad,,104865,pad:com.newlink.kemi.kboard,,245632,,50,,,,
89443,179396,2026-09-06T10:08:51.246869+08:00,,172.531,,1113.162,264,3908,28.454114483333335,223354,209711,,,32656,pad,,388533,pad:com.newlinksz.kemi.remote,,617740,,134,,,,
,,2026-09-06T10:08:51.246869+08:00,/Applications/KEMI远程办公.app/Contents/MacOS/KEMI远程办公,19.399,10.1,1113.162,95,,28.454114483333335,,,,,18666,mac,1,,mac:main,,255792,,81,,,,
,,2026-09-06T10:08:51.246869+08:00,/Applications/KEMI远程办公.app/Contents/MacOS/KEMI远程办公 --cm,1.761,0.1,1113.162,45,,28.454114483333335,,,,,18686,mac,18666,,mac:--cm,,103296,,30,,,,
,,2026-09-06T10:09:15+08:00,,9.017,,1731.214,144,19908,28.85,44624,39723,show-hide,,26438,,,109838,KBoard (30s),21,250612,True,50,4,831,,True
,,2026-09-06T10:09:46+08:00,,7.618,,1762.063,143,12612,29.366666666666667,40188,38079,home-resume,,26438,,,100966,KBoard (30s),21,241660,True,50,2,811,,True
131,656,2026-09-06T10:09:52.894562+08:00,,7.831,,1174.799,142,13452,29.481576033333333,40873,38043,,,26438,pad,,101817,pad:com.newlink.kemi.kboard,,242460,,50,,,,
89443,179396,2026-09-06T10:09:52.894562+08:00,,175.702,,1174.8,264,3864,29.481576033333333,223156,210803,,,32656,pad,,389581,pad:com.newlinksz.kemi.remote,,618676,,127,,,,
,,2026-09-06T10:09:52.894562+08:00,/Applications/KEMI远程办公.app/Contents/MacOS/KEMI远程办公,17.101,5.8,1174.8,95,,29.481576033333333,,,,,18666,mac,1,,mac:main,,211584,,78,,,,
,,2026-09-06T10:09:52.894562+08:00,/Applications/KEMI远程办公.app/Contents/MacOS/KEMI远程办公 --cm,1.574,0.0,1174.8,45,,29.481576033333333,,,,,18686,mac,18666,,mac:--cm,,76000,,30,,,,
,,2026-09-06T10:10:17+08:00,,8.938,,1792.832,146,15756,29.883333333333333,41485,40175,focus-switch,,26438,,,106029,KBoard (30s),21,246804,True,50,2,812,,True
,,2026-09-06T10:10:48+08:00,,8.648,,1823.592,147,20208,30.4,44814,40275,show-hide,,26438,,,110585,KBoard (30s),22,251376,True,50,4,831,,True
131,656,2026-09-06T10:10:56.508348+08:00,,8.799,,1238.412,147,13196,30.541805800000002,40729,37987,,,26438,pad,,101403,pad:com.newlink.kemi.kboard,,242052,,50,,,,
89443,179396,2026-09-06T10:10:56.508348+08:00,,156.573,,1238.412,264,3904,30.541805800000002,222838,209455,,,32656,pad,,388324,pad:com.newlinksz.kemi.remote,,617420,,130,,,,
,,2026-09-06T10:10:56.508348+08:00,/Applications/KEMI远程办公.app/Contents/MacOS/KEMI远程办公,18.508,14.0,1238.412,95,,30.541805800000002,,,,778342.4,18666,mac,1,,mac:main,,231488,,79,,,vmmap-18666-001237.txt,
,,2026-09-06T10:10:56.508348+08:00,/Applications/KEMI远程办公.app/Contents/MacOS/KEMI远程办公 --cm,1.923,0.1,1238.413,45,,30.541805800000002,,,,88678.4,18686,mac,18666,,mac:--cm,,83584,,30,,,vmmap-18686-001238.txt,
,,2026-09-06T10:11:19+08:00,,7.151,,1854.636,143,13536,30.916666666666668,41015,39039,home-resume,,26438,,,102803,KBoard (30s),22,243452,True,50,2,811,,True
,,2026-09-06T10:11:50+08:00,,7.693,,1885.575,149,12516,31.433333333333334,40321,37891,relay-recreate,,26438,,,100745,KBoard (30s),22,241608,True,50,2,812,,True
131,656,2026-09-06T10:11:57.936064+08:00,,7.583,,1299.84,149,12600,31.565601066666666,40459,38071,,,26438,pad,,101016,pad:com.newlink.kemi.kboard,,241736,,50,,,,
89443,179396,2026-09-06T10:11:57.936064+08:00,,172.469,,1299.84,264,3876,31.565601066666666,222948,209659,,,32656,pad,,388416,pad:com.newlinksz.kemi.remote,,617560,,128,,,,
,,2026-09-06T10:11:57.936064+08:00,/Applications/KEMI远程办公.app/Contents/MacOS/KEMI远程办公,20.87,13.8,1299.84,95,,31.565601066666666,,,,,18666,mac,1,,mac:main,,221632,,77,,,,
,,2026-09-06T10:11:57.936064+08:00,/Applications/KEMI远程办公.app/Contents/MacOS/KEMI远程办公 --cm,1.835,1.6,1299.841,45,,31.565601066666666,,,,,18686,mac,18666,,mac:--cm,,83584,,30,,,,
,,2026-09-06T10:12:20+08:00,,8.855,,1916.407,147,20140,31.933333333333334,44414,39867,show-hide,,26438,,,110372,KBoard (30s),23,251100,False,50,4,831,,False
,,2026-09-06T10:12:51+08:00,,5.57,,1947.285,142,14448,32.45,41001,38507,focus-switch,,26438,,,103258,KBoard (30s),23,244048,True,50,2,812,,True
131,656,2026-09-06T10:12:59.808555+08:00,,7.443,,1361.713,144,12644,32.59680925,40857,38219,,,26438,pad,,101169,pad:com.newlink.kemi.kboard,,241944,,50,,,,
89443,179396,2026-09-06T10:12:59.808555+08:00,,139.7,,1361.713,264,3912,32.59680925,222984,209199,,,32656,pad,,387985,pad:com.newlinksz.kemi.remote,,617188,,131,,,,
,,2026-09-06T10:12:59.808555+08:00,/Applications/KEMI远程办公.app/Contents/MacOS/KEMI远程办公,18.7,43.2,1361.713,99,,32.59680925,,,,,18666,mac,1,,mac:main,,235344,,84,,,,
,,2026-09-06T10:12:59.808555+08:00,/Applications/KEMI远程办公.app/Contents/MacOS/KEMI远程办公 --cm,1.875,0.1,1361.713,45,,32.59680925,,,,,18686,mac,18666,,mac:--cm,,85936,,30,,,,
,,2026-09-06T10:13:22+08:00,,9.694,,1978.13,151,14808,32.96666666666667,40838,39907,relay-recreate,,26438,,,104939,KBoard (30s),23,245804,True,50,2,812,,True
,,2026-09-06T10:13:53+08:00,,7.39,,2008.846,115,13032,33.483333333333334,39626,37015,home-resume,,26438,,,100227,KBoard (30s),24,241100,True,50,2,811,,True
131,656,2026-09-06T10:14:01.532702+08:00,,8.347,,1423.437,147,12616,33.62554503333333,39379,37091,,,26438,pad,,99842,pad:com.newlink.kemi.kboard,,240732,,50,,,,
89443,179396,2026-09-06T10:14:01.532702+08:00,,153.09,,1423.437,264,4000,33.62554503333333,224261,211491,,,32656,pad,,390617,pad:com.newlinksz.kemi.remote,,619736,,139,,,,
,,2026-09-06T10:14:01.532702+08:00,/Applications/KEMI远程办公.app/Contents/MacOS/KEMI远程办公,19.975,20.0,1423.437,95,,33.62554503333333,,,,,18666,mac,1,,mac:main,,232608,,79,,,,
,,2026-09-06T10:14:01.532702+08:00,/Applications/KEMI远程办公.app/Contents/MacOS/KEMI远程办公 --cm,1.896,2.4,1423.437,45,,33.62554503333333,,,,,18686,mac,18666,,mac:--cm,,89856,,30,,,,
,,2026-09-06T10:14:24+08:00,,7.674,,2039.601,148,14456,34.0,40956,38615,focus-switch,,26438,,,103231,KBoard (30s),24,244128,True,50,2,812,,True
,,2026-09-06T10:14:54+08:00,,8.761,,2070.417,141,21956,34.5,43857,39951,relay-recreate,,26438,,,112204,KBoard (30s),24,253108,True,50,4,829,,True
131,656,2026-09-06T10:15:02.843097+08:00,,7.771,,1484.747,147,13212,34.647384949999996,39399,36979,,,26438,pad,,100608,pad:com.newlink.kemi.kboard,,241368,,50,,,,
89443,179396,2026-09-06T10:15:02.843097+08:00,,94.762,,1484.748,264,3928,34.647384949999996,224005,210107,,,32656,pad,,389040,pad:com.newlinksz.kemi.remote,,618184,,134,,,,
,,2026-09-06T10:15:02.843097+08:00,/Applications/KEMI远程办公.app/Contents/MacOS/KEMI远程办公,16.098,3.3,1484.748,95,,34.647384949999996,,,,,18666,mac,1,,mac:main,,227824,,79,,,,
,,2026-09-06T10:15:02.843097+08:00,/Applications/KEMI远程办公.app/Contents/MacOS/KEMI远程办公 --cm,2.153,0.1,1484.748,45,,34.647384949999996,,,,,18686,mac,18666,,mac:--cm,,92192,,31,,,,
,,2026-09-06T10:15:25+08:00,,7.283,,2101.173,147,12620,35.016666666666666,39653,37471,home-resume,,26438,,,100407,KBoard (30s),25,241312,True,50,2,811,,True
,,2026-09-06T10:15:56+08:00,,6.015,,2132.098,148,14604,35.53333333333333,42412,39091,focus-switch,,26438,,,104164,KBoard (30s),25,244940,False,50,2,812,,False
131,656,2026-09-06T10:16:05.273866+08:00,,7.145,,1547.178,145,14080,35.687897766666666,40634,39583,,,26438,pad,,103989,pad:com.newlink.kemi.kboard,,244800,,50,,,,
89443,179396,2026-09-06T10:16:05.273866+08:00,,63.26,,1547.178,264,3920,35.687897766666666,224041,210135,,,32656,pad,,389010,pad:com.newlinksz.kemi.remote,,618232,,136,,,,
,,2026-09-06T10:16:05.273866+08:00,/Applications/KEMI远程办公.app/Contents/MacOS/KEMI远程办公,14.829,3.9,1547.179,95,,35.687897766666666,,,,773734.4,18666,mac,1,,mac:main,,231936,,79,,,vmmap-18666-001546.txt,
,,2026-09-06T10:16:05.273866+08:00,/Applications/KEMI远程办公.app/Contents/MacOS/KEMI远程办公 --cm,2.265,1.3,1547.179,45,,35.687897766666666,,,,88268.8,18686,mac,18666,,mac:--cm,,92576,,30,,,vmmap-18686-001547.txt,
,,2026-09-06T10:16:27+08:00,,8.487,,2162.967,147,20056,36.05,43860,39711,show-hide,,26438,,,110156,KBoard (30s),26,250952,True,50,4,831,,True
,,2026-09-06T10:16:58+08:00,,7.176,,2193.766,147,12644,36.56666666666667,39604,37511,home-resume,,26438,,,100512,KBoard (30s),26,241308,True,50,2,811,,True
131,656,2026-09-06T10:17:06.803343+08:00,,7.137,,1608.708,142,14404,36.71338905,40666,38491,,,26438,pad,,103256,pad:com.newlink.kemi.kboard,,244052,,50,,,,
89443,179396,2026-09-06T10:17:06.803343+08:00,,66.856,,1608.708,264,3888,36.71338905,223875,210319,,,32656,pad,,389038,pad:com.newlinksz.kemi.remote,,618264,,129,,,,
,,2026-09-06T10:17:06.803343+08:00,/Applications/KEMI远程办公.app/Contents/MacOS/KEMI远程办公,14.317,8.0,1608.708,95,,36.71338905,,,,,18666,mac,1,,mac:main,,226608,,78,,,,
,,2026-09-06T10:17:06.803343+08:00,/Applications/KEMI远程办公.app/Contents/MacOS/KEMI远程办公 --cm,2.252,0.1,1608.708,45,,36.71338905,,,,,18686,mac,18666,,mac:--cm,,92576,,30,,,,
,,2026-09-06T10:17:28+08:00,,7.112,,2224.419,146,14892,37.06666666666667,40723,39787,relay-recreate,,26438,,,105042,KBoard (30s),26,245984,True,50,2,812,,True
,,2026-09-06T10:17:59+08:00,,8.118,,2255.093,146,19976,37.583333333333336,44961,40459,show-hide,,26438,,,110837,KBoard (30s),27,251760,True,50,4,831,,True
131,656,2026-09-06T10:18:08.226927+08:00,,7.521,,1670.132,147,12260,37.737115450000005,39987,37719,,,26438,pad,,100306,pad:com.newlink.kemi.kboard,,241272,,50,,,,
89443,179396,2026-09-06T10:18:08.226927+08:00,,64.838,,1670.132,264,3908,37.737115450000005,224209,209731,,,32656,pad,,388621,pad:com.newlinksz.kemi.remote,,617740,,132,,,,
,,2026-09-06T10:18:08.226927+08:00,/Applications/KEMI远程办公.app/Contents/MacOS/KEMI远程办公,14.359,4.6,1670.132,95,,37.737115450000005,,,,,18666,mac,1,,mac:main,,233616,,79,,,,
,,2026-09-06T10:18:08.226927+08:00,/Applications/KEMI远程办公.app/Contents/MacOS/KEMI远程办公 --cm,2.263,0.1,1670.132,45,,37.737115450000005,,,,,18686,mac,18666,,mac:--cm,,92576,,30,,,,
,,2026-09-06T10:18:30+08:00,,7.046,,2286.033,142,14636,38.1,41255,38711,home-resume,,26438,,,103851,KBoard (30s),27,244672,True,50,2,812,,True
,,2026-09-06T10:19:01+08:00,,7.597,,2316.834,151,15048,38.61666666666667,40654,39643,relay-recreate,,26438,,,105082,KBoard (30s),27,246028,True,50,2,812,,True
131,656,2026-09-06T10:19:09.722450+08:00,,7.961,,1731.627,149,12660,38.76204083333334,39023,38451,,,26438,pad,,101607,pad:com.newlink.kemi.kboard,,242432,,50,,,,
89443,179396,2026-09-06T10:19:09.722450+08:00,,82.445,,1731.628,264,3968,38.76204083333334,223806,210935,,,32656,pad,,389985,pad:com.newlinksz.kemi.remote,,619148,,140,,,,
,,2026-09-06T10:19:09.722450+08:00,/Applications/KEMI远程办公.app/Contents/MacOS/KEMI远程办公,15.806,32.3,1731.628,96,,38.76204083333334,,,,,18666,mac,1,,mac:main,,232352,,81,,,,
,,2026-09-06T10:19:09.722450+08:00,/Applications/KEMI远程办公.app/Contents/MacOS/KEMI远程办公 --cm,2.195,0.3,1731.628,45,,38.76204083333334,,,,,18686,mac,18666,,mac:--cm,,92576,,30,,,,
,,2026-09-06T10:19:32+08:00,,8.481,,2347.846,147,19748,39.13333333333333,44255,40247,show-hide,,26438,,,110554,KBoard (30s),28,251548,False,50,3,822,,False
,,2026-09-06T10:20:03+08:00,,6.957,,2378.606,144,14520,39.65,41370,39007,focus-switch,,26438,,,104011,KBoard (30s),28,244912,True,50,2,812,,True
131,656,2026-09-06T10:20:11.011707+08:00,,8.013,,1792.917,148,12644,39.78352845,40697,38755,,,26438,pad,,101785,pad:com.newlink.kemi.kboard,,242772,,50,,,,
89443,179396,2026-09-06T10:20:11.011707+08:00,,72.556,,1792.917,264,3944,39.78352845,224139,210835,,,32656,pad,,389714,pad:com.newlinksz.kemi.remote,,618944,,135,,,,
,,2026-09-06T10:20:11.011707+08:00,/Applications/KEMI远程办公.app/Contents/MacOS/KEMI远程办公,15.092,17.5,1792.917,95,,39.78352845,,,,,18666,mac,1,,mac:main,,228576,,76,,,,
,,2026-09-06T10:20:11.011707+08:00,/Applications/KEMI远程办公.app/Contents/MacOS/KEMI远程办公 --cm,2.17,2.6,1792.917,45,,39.78352845,,,,,18686,mac,18666,,mac:--cm,,93248,,30,,,,
,,2026-09-06T10:20:33+08:00,,8.552,,2409.477,151,14908,40.15,40904,38711,relay-recreate,,26438,,,104147,KBoard (30s),28,245008,True,50,2,812,,True
,,2026-09-06T10:21:04+08:00,,6.848,,2440.29,147,13096,40.666666666666664,39297,37463,home-resume,,26438,,,101091,KBoard (30s),29,241956,True,50,2,811,,True
131,656,2026-09-06T10:21:13.807471+08:00,,7.464,,1855.713,143,12652,40.830124516666665,39393,36855,,,26438,pad,,99985,pad:com.newlink.kemi.kboard,,240896,,50,,,,
89443,179396,2026-09-06T10:21:13.807471+08:00,,66.043,,1855.713,264,3944,40.830124516666665,223956,210467,,,32656,pad,,389380,pad:com.newlinksz.kemi.remote,,618604,,137,,,,
,,2026-09-06T10:21:13.807471+08:00,/Applications/KEMI远程办公.app/Contents/MacOS/KEMI远程办公,14.29,4.9,1855.713,95,,40.830124516666665,,,,781107.2,18666,mac,1,,mac:main,,237408,,79,,,vmmap-18666-001855.txt,
,,2026-09-06T10:21:13.807471+08:00,/Applications/KEMI远程办公.app/Contents/MacOS/KEMI远程办公 --cm,2.269,1.4,1855.713,45,,40.830124516666665,,,,88780.8,18686,mac,18666,,mac:--cm,,93248,,30,,,vmmap-18686-001855.txt,
,,2026-09-06T10:21:35+08:00,,8.149,,2471.093,148,14512,41.18333333333333,41108,38923,focus-switch,,26438,,,103740,KBoard (30s),29,244760,True,50,2,812,,True
,,2026-09-06T10:22:06+08:00,,7.62,,2501.931,145,22128,41.7,44378,40343,show-hide,,26438,,,112908,KBoard (30s),30,253856,True,50,4,831,,True
131,656,2026-09-06T10:22:15.224639+08:00,,8.124,,1917.13,147,13176,41.85374398333333,39609,37715,,,26438,pad,,101208,pad:com.newlink.kemi.kboard,,242252,,50,,,,
89443,179396,2026-09-06T10:22:15.224639+08:00,,116.439,,1917.13,264,3896,41.85374398333333,223772,210943,,,32656,pad,,389773,pad:com.newlinksz.kemi.remote,,618920,,130,,,,
,,2026-09-06T10:22:15.224639+08:00,/Applications/KEMI远程办公.app/Contents/MacOS/KEMI远程办公,16.759,26.8,1917.13,99,,41.85374398333333,,,,,18666,mac,1,,mac:main,,237840,,81,,,,
,,2026-09-06T10:22:15.224639+08:00,/Applications/KEMI远程办公.app/Contents/MacOS/KEMI远程办公 --cm,2.448,0.1,1917.13,46,,41.85374398333333,,,,,18686,mac,18666,,mac:--cm,,90112,,30,,,,
,,2026-09-06T10:22:37+08:00,,8.402,,2532.757,147,12624,42.21666666666667,39770,37555,home-resume,,26438,,,100743,KBoard (30s),30,241640,True,50,2,811,,True
,,2026-09-06T10:23:07+08:00,,8.162,,2563.508,146,16704,42.71666666666667,41010,40003,focus-switch,,26438,,,107172,KBoard (30s),30,248200,True,50,2,812,,True
131,656,2026-09-06T10:23:17.151702+08:00,,7.554,,1979.057,142,12736,42.8858617,40652,38303,,,26438,pad,,101558,pad:com.newlink.kemi.kboard,,242500,,50,,,,
89443,179396,2026-09-06T10:23:17.151702+08:00,,172.936,,1979.057,264,3924,42.8858617,222810,210211,,,32656,pad,,389101,pad:com.newlinksz.kemi.remote,,618328,,137,,,,
,,2026-09-06T10:23:17.151702+08:00,/Applications/KEMI远程办公.app/Contents/MacOS/KEMI远程办公,15.874,13.4,1979.058,98,,42.8858617,,,,,18666,mac,1,,mac:main,,201664,,80,,,,
,,2026-09-06T10:23:17.151702+08:00,/Applications/KEMI远程办公.app/Contents/MacOS/KEMI远程办公 --cm,1.631,0.8,1979.058,46,,42.8858617,,,,,18686,mac,18666,,mac:--cm,,69408,,30,,,,
,,2026-09-06T10:23:38+08:00,,8.715,,2594.261,143,19852,43.233333333333334,44548,40127,show-hide,,26438,,,110442,KBoard (30s),31,251468,True,50,4,831,,True
,,2026-09-06T10:24:09+08:00,,6.526,,2625.211,142,13612,43.75,40651,38719,home-resume,,26438,,,102903,KBoard (30s),31,243800,True,50,2,812,,True
131,656,2026-09-06T10:24:18.434974+08:00,,7.912,,2040.341,148,13500,43.907249566666664,40160,38163,,,26438,pad,,102097,pad:com.newlink.kemi.kboard,,243128,,50,,,,
89445,179400,2026-09-06T10:24:18.434974+08:00,,153.028,,2040.341,264,3916,43.907249566666664,223301,210359,,,32656,pad,,389266,pad:com.newlinksz.kemi.remote,,618388,,132,,,,
,,2026-09-06T10:24:18.434974+08:00,/Applications/KEMI远程办公.app/Contents/MacOS/KEMI远程办公,15.828,8.5,2040.341,98,,43.907249566666664,,,,,18666,mac,1,,mac:main,,201856,,84,,,,
,,2026-09-06T10:24:18.434974+08:00,/Applications/KEMI远程办公.app/Contents/MacOS/KEMI远程办公 --cm,1.566,1.9,2040.341,46,,43.907249566666664,,,,,18686,mac,18666,,mac:--cm,,57920,,30,,,,
,,2026-09-06T10:24:40+08:00,,8.645,,2656.095,151,14920,44.266666666666666,40295,39383,relay-recreate,,26438,,,104749,KBoard (30s),31,245800,True,50,2,812,,True
,,2026-09-06T10:25:11+08:00,,8.534,,2686.912,147,20348,44.78333333333333,44180,40247,show-hide,,26438,,,111207,KBoard (30s),32,252120,False,50,4,831,,False
131,656,2026-09-06T10:25:19.592662+08:00,,8.506,,2101.496,140,12568,44.92654436666667,39447,37459,,,26438,pad,,100469,pad:com.newlink.kemi.kboard,,241548,,50,,,,
90965,182440,2026-09-06T10:25:19.592662+08:00,,164.403,,2101.496,264,3900,44.92654436666667,223278,210583,,,32656,pad,,390907,pad:com.newlinksz.kemi.remote,,621656,,133,,,,
,,2026-09-06T10:25:19.592662+08:00,/Applications/KEMI远程办公.app/Contents/MacOS/KEMI远程办公,15.993,7.3,2101.497,98,,44.92654436666667,,,,,18666,mac,1,,mac:main,,214368,,78,,,,
,,2026-09-06T10:25:19.592662+08:00,/Applications/KEMI远程办公.app/Contents/MacOS/KEMI远程办公 --cm,1.423,0.1,2101.497,45,,44.92654436666667,,,,,18686,mac,18666,,mac:--cm,,69584,,30,,,,
,,2026-09-06T10:25:42+08:00,,7.559,,2717.604,148,14500,45.3,40949,38487,focus-switch,,26438,,,103453,KBoard (30s),32,244528,True,50,2,812,,True
,,2026-09-06T10:26:12+08:00,,8.508,,2748.397,145,15036,45.8,41150,40131,relay-recreate,,26438,,,105748,KBoard (30s),32,246728,True,50,2,812,,True
131,656,2026-09-06T10:26:24.358876+08:00,,8.45,,2166.256,136,19732,46.005981266666666,43401,39211,,,26438,pad,,109303,pad:com.newlink.kemi.kboard,,250396,,50,,,,
90965,182440,2026-09-06T10:26:24.358876+08:00,,166.158,,2166.256,264,3984,46.005981266666666,223454,210231,,,32656,pad,,390781,pad:com.newlinksz.kemi.remote,,621536,,141,,,,
,,2026-09-06T10:26:24.358876+08:00,/Applications/KEMI远程办公.app/Contents/MacOS/KEMI远程办公,17.127,9.9,2166.256,95,,46.005981266666666,,,,764723.2,18666,mac,1,,mac:main,,208608,,84,,,vmmap-18666-002165.txt,
,,2026-09-06T10:26:24.358876+08:00,/Applications/KEMI远程办公.app/Contents/MacOS/KEMI远程办公 --cm,1.39,0.2,2166.256,45,,46.005981266666666,,,,89088.0,18686,mac,18666,,mac:--cm,,83808,,31,,,vmmap-18686-002166.txt,
,,2026-09-06T10:26:43+08:00,,7.629,,2779.202,115,12540,46.31666666666667,39099,37759,home-resume,,26438,,,100802,KBoard (30s),33,241756,True,50,2,811,,True
,,2026-09-06T10:27:14+08:00,,8.342,,2810.01,148,14640,46.833333333333336,40961,38939,focus-switch,,26438,,,103963,KBoard (30s),33,245056,True,50,2,812,,True
131,656,2026-09-06T10:27:25.611691+08:00,,7.944,,2227.509,145,14792,47.02686151666667,40836,40107,,,26438,pad,,105429,pad:com.newlink.kemi.kboard,,246392,,50,,,,
90965,182440,2026-09-06T10:27:25.611691+08:00,,168.468,,2227.509,264,3932,47.02686151666667,222786,209763,,,32656,pad,,390243,pad:com.newlinksz.kemi.remote,,620916,,135,,,,
,,2026-09-06T10:27:25.611691+08:00,/Applications/KEMI远程办公.app/Contents/MacOS/KEMI远程办公,16.444,15.3,2227.509,95,,47.02686151666667,,,,,18666,mac,1,,mac:main,,222880,,80,,,,
,,2026-09-06T10:27:25.611691+08:00,/Applications/KEMI远程办公.app/Contents/MacOS/KEMI远程办公 --cm,1.339,0.2,2227.509,45,,47.02686151666667,,,,,18686,mac,18666,,mac:--cm,,84528,,31,,,,
,,2026-09-06T10:27:45+08:00,,9.328,,2840.672,133,20092,47.35,43209,39199,show-hide,,26438,,,109799,KBoard (30s),34,250900,True,50,4,829,,True
,,2026-09-06T10:28:15+08:00,,7.655,,2871.372,143,12636,47.85,39455,37739,home-resume,,26438,,,100857,KBoard (30s),34,241964,True,50,2,811,,True
131,656,2026-09-06T10:28:26.812324+08:00,,8.108,,2288.709,143,14408,48.046872066666666,40261,38051,,,26438,pad,,102950,pad:com.newlink.kemi.kboard,,244056,,50,,,,
90965,182440,2026-09-06T10:28:26.812324+08:00,,166.696,,2288.71,264,3876,48.046872066666666,222832,210027,,,32656,pad,,390253,pad:com.newlinksz.kemi.remote,,621012,,128,,,,
,,2026-09-06T10:28:26.812324+08:00,/Applications/KEMI远程办公.app/Contents/MacOS/KEMI远程办公,17.157,10.4,2288.71,95,,48.046872066666666,,,,,18666,mac,1,,mac:main,,220064,,84,,,,
,,2026-09-06T10:28:26.812324+08:00,/Applications/KEMI远程办公.app/Contents/MacOS/KEMI远程办公 --cm,1.373,0.0,2288.71,45,,48.046872066666666,,,,,18686,mac,18666,,mac:--cm,,87536,,31,,,,
,,2026-09-06T10:28:46+08:00,,8.481,,2902.148,190,14112,48.36666666666667,41516,39199,focus-switch,,26438,,,103957,KBoard (30s),34,244928,False,50,2,812,,False
,,2026-09-06T10:29:17+08:00,,8.589,,2932.884,147,21164,48.88333333333333,44159,40431,show-hide,,26438,,,112112,KBoard (30s),35,253240,True,50,4,831,,True
131,656,2026-09-06T10:29:28.173310+08:00,,8.477,,2350.07,147,13444,49.06955516666667,39742,37739,,,26438,pad,,101841,pad:com.newlink.kemi.kboard,,242820,,50,,,,
90965,182440,2026-09-06T10:29:28.173310+08:00,,171.765,,2350.071,264,3888,49.06955516666667,223391,210719,,,32656,pad,,391056,pad:com.newlinksz.kemi.remote,,621756,,130,,,,
,,2026-09-06T10:29:28.173310+08:00,/Applications/KEMI远程办公.app/Contents/MacOS/KEMI远程办公,17.177,11.4,2350.071,95,,49.06955516666667,,,,,18666,mac,1,,mac:main,,228336,,79,,,,
,,2026-09-06T10:29:28.173310+08:00,/Applications/KEMI远程办公.app/Contents/MacOS/KEMI远程办公 --cm,1.369,0.1,2350.071,45,,49.06955516666667,,,,,18686,mac,18666,,mac:--cm,,90592,,31,,,,
,,2026-09-06T10:29:48+08:00,,7.812,,2963.604,142,13504,49.4,40801,38687,home-resume,,26438,,,102853,KBoard (30s),35,243836,False,50,2,812,,False
,,2026-09-06T10:30:19+08:00,,7.266,,2994.57,142,12764,49.916666666666664,40468,38851,relay-recreate,,26438,,,102355,KBoard (30s),35,243384,True,50,2,812,,True
131,656,2026-09-06T10:30:29.345893+08:00,,8.363,,2411.243,145,12688,50.08909821666667,40736,38371,,,26438,pad,,101572,pad:com.newlink.kemi.kboard,,242700,,50,,,,
90965,182440,2026-09-06T10:30:29.345893+08:00,,156.837,,2411.243,264,3972,50.08909821666667,224394,210535,,,32656,pad,,391040,pad:com.newlinksz.kemi.remote,,621804,,139,,,,
,,2026-09-06T10:30:29.345893+08:00,/Applications/KEMI远程办公.app/Contents/MacOS/KEMI远程办公,16.315,7.9,2411.243,95,,50.08909821666667,,,,,18666,mac,1,,mac:main,,231072,,80,,,,
,,2026-09-06T10:30:29.345893+08:00,/Applications/KEMI远程办公.app/Contents/MacOS/KEMI远程办公 --cm,1.308,0.0,2411.243,45,,50.08909821666667,,,,,18686,mac,18666,,mac:--cm,,90784,,31,,,,
,,2026-09-06T10:30:49+08:00,,9.746,,3025.454,147,20072,50.416666666666664,44528,40147,show-hide,,26438,,,110901,KBoard (30s),36,251916,False,50,4,831,,False
,,2026-09-06T10:31:20+08:00,,5.738,,3056.302,142,14476,50.93333333333333,40532,38739,focus-switch,,26438,,,103909,KBoard (30s),36,244924,True,50,2,812,,True
131,656,2026-09-06T10:31:34.529218+08:00,,7.574,,2476.426,148,12724,51.17548696666667,40253,38563,,,26438,pad,,101948,pad:com.newlink.kemi.kboard,,242976,,50,,,,
90965,182440,2026-09-06T10:31:34.529218+08:00,,143.17,,2476.426,264,3948,51.17548696666667,223812,210847,,,32656,pad,,391289,pad:com.newlinksz.kemi.remote,,621992,,133,,,,
,,2026-09-06T10:31:34.529218+08:00,/Applications/KEMI远程办公.app/Contents/MacOS/KEMI远程办公,15.193,10.4,2476.426,95,,51.17548696666667,,,,775884.8,18666,mac,1,,mac:main,,220368,,81,,,vmmap-18666-002475.txt,
,,2026-09-06T10:31:34.529218+08:00,/Applications/KEMI远程办公.app/Contents/MacOS/KEMI远程办公 --cm,1.195,0.0,2476.427,45,,51.17548696666667,,,,89190.4,18686,mac,18666,,mac:--cm,,87248,,31,,,vmmap-18686-002476.txt,
,,2026-09-06T10:31:51+08:00,,9.742,,3087.198,151,14940,51.45,40736,39223,relay-recreate,,26438,,,104700,KBoard (30s),36,245860,True,50,2,812,,True
,,2026-09-06T10:32:22+08:00,,7.311,,3117.972,114,13100,51.96666666666667,39125,36935,home-resume,,26438,,,100609,KBoard (30s),37,241776,True,50,2,811,,True
131,656,2026-09-06T10:32:35.946717+08:00,,8.374,,2537.844,147,12748,52.199111949999995,39138,37383,,,26438,pad,,100695,pad:com.newlink.kemi.kboard,,241864,,51,,,,
90965,182440,2026-09-06T10:32:35.946717+08:00,,155.188,,2537.844,264,3988,52.199111949999995,223568,210539,,,32656,pad,,391105,pad:com.newlinksz.kemi.remote,,621760,,135,,,,
,,2026-09-06T10:32:35.946717+08:00,/Applications/KEMI远程办公.app/Contents/MacOS/KEMI远程办公,14.926,10.4,2537.844,95,,52.199111949999995,,,,,18666,mac,1,,mac:main,,214416,,86,,,,
,,2026-09-06T10:32:35.946717+08:00,/Applications/KEMI远程办公.app/Contents/MacOS/KEMI远程办公 --cm,1.19,1.3,2537.844,45,,52.199111949999995,,,,,18686,mac,18666,,mac:--cm,,62224,,31,,,,
,,2026-09-06T10:32:53+08:00,,8.803,,3148.757,144,14504,52.483333333333334,41135,39119,focus-switch,,26438,,,104100,KBoard (30s),37,245260,True,51,2,812,,True
,,2026-09-06T10:33:24+08:00,,8.848,,3179.61,137,22012,53.0,43950,39755,show-hide,,26438,,,112417,KBoard (30s),38,253468,True,51,4,829,,True
131,656,2026-09-06T10:33:37.771878+08:00,,8.519,,2599.669,143,13312,53.2295313,40317,37935,,,26438,pad,,101939,pad:com.newlink.kemi.kboard,,243040,,51,,,,
90965,182440,2026-09-06T10:33:37.771878+08:00,,156.566,,2599.669,264,3872,53.2295313,223655,209923,,,32656,pad,,390187,pad:com.newlinksz.kemi.remote,,620948,,130,,,,
,,2026-09-06T10:33:37.771878+08:00,/Applications/KEMI远程办公.app/Contents/MacOS/KEMI远程办公,14.168,7.4,2599.669,95,,53.2295313,,,,,18666,mac,1,,mac:main,,156544,,79,,,,
,,2026-09-06T10:33:37.771878+08:00,/Applications/KEMI远程办公.app/Contents/MacOS/KEMI远程办公 --cm,1.132,0.0,2599.669,45,,53.2295313,,,,,18686,mac,18666,,mac:--cm,,53648,,31,,,,
,,2026-09-06T10:33:54+08:00,,7.624,,3210.433,147,12636,53.5,39439,37999,home-resume,,26438,,,101361,KBoard (30s),38,242416,True,51,2,811,,True
,,2026-09-06T10:34:25+08:00,,8.098,,3241.183,189,15756,54.016666666666666,42481,39647,focus-switch,,26438,,,106161,KBoard (30s),38,247216,False,51,2,812,,False
131,656,2026-09-06T10:34:39.037684+08:00,,7.77,,2660.935,149,13820,54.250628066666664,41063,40199,,,26438,pad,,104620,pad:com.newlink.kemi.kboard,,245816,,51,,,,
90965,182440,2026-09-06T10:34:39.037684+08:00,,165.044,,2660.936,264,3928,54.250628066666664,223644,211371,,,32656,pad,,391925,pad:com.newlinksz.kemi.remote,,622584,,138,,,,
,,2026-09-06T10:34:39.037684+08:00,/Applications/KEMI远程办公.app/Contents/MacOS/KEMI远程办公,15.751,13.2,2660.936,95,,54.250628066666664,,,,,18666,mac,1,,mac:main,,187488,,77,,,,
,,2026-09-06T10:34:39.037684+08:00,/Applications/KEMI远程办公.app/Contents/MacOS/KEMI远程办公 --cm,1.192,0.1,2660.936,45,,54.250628066666664,,,,,18686,mac,18666,,mac:--cm,,57520,,31,,,,
,,2026-09-06T10:34:56+08:00,,9.095,,3271.86,147,20060,54.53333333333333,44135,39719,show-hide,,26438,,,110418,KBoard (30s),39,251632,True,51,4,831,,True
,,2026-09-06T10:35:27+08:00,,7.203,,3302.679,142,13456,55.05,40843,38763,home-resume,,26438,,,102993,KBoard (30s),39,244064,False,51,2,812,,False
131,656,2026-09-06T10:35:40.345173+08:00,,7.947,,2722.242,144,13712,55.27241955,41030,38607,,,26438,pad,,102939,pad:com.newlink.kemi.kboard,,244156,,51,,,,
90965,182440,2026-09-06T10:35:40.345173+08:00,,154.49,,2722.243,264,3880,55.27241955,223309,210659,,,32656,pad,,390942,pad:com.newlinksz.kemi.remote,,621712,,131,,,,
,,2026-09-06T10:35:40.345173+08:00,/Applications/KEMI远程办公.app/Contents/MacOS/KEMI远程办公,16.311,27.2,2722.243,95,,55.27241955,,,,,18666,mac,1,,mac:main,,202208,,78,,,,
,,2026-09-06T10:35:40.345173+08:00,/Applications/KEMI远程办公.app/Contents/MacOS/KEMI远程办公 --cm,1.223,0.0,2722.243,45,,55.27241955,,,,,18686,mac,18666,,mac:--cm,,61088,,31,,,,
,,2026-09-06T10:35:57+08:00,,7.86,,3333.466,147,14856,55.55,40629,39851,relay-recreate,,26438,,,105375,KBoard (30s),39,246632,True,51,2,812,,True
,,2026-09-06T10:36:28+08:00,,9.501,,3364.305,147,20012,56.06666666666667,44321,40035,show-hide,,26438,,,110710,KBoard (30s),40,251992,True,51,4,831,,True
131,656,2026-09-06T10:36:50.133388+08:00,,8.449,,2792.031,147,12608,56.43555646666667,39309,38123,,,26438,pad,,101369,pad:com.newlink.kemi.kboard,,242648,,51,,,,
92485,185480,2026-09-06T10:36:50.133388+08:00,,159.891,,2792.031,264,3908,56.43555646666667,223162,210859,,,32656,pad,,392839,pad:com.newlinksz.kemi.remote,,625020,,134,,,,
,,2026-09-06T10:36:50.133388+08:00,/Applications/KEMI远程办公.app/Contents/MacOS/KEMI远程办公,15.371,7.0,2792.031,95,,56.43555646666667,,,,767488.0,18666,mac,1,,mac:main,,160928,,78,,,vmmap-18666-002790.txt,
,,2026-09-06T10:36:50.133388+08:00,/Applications/KEMI远程办公.app/Contents/MacOS/KEMI远程办公 --cm,1.194,0.9,2792.031,45,,56.43555646666667,,,,88166.4,18686,mac,18666,,mac:--cm,,63248,,31,,,vmmap-18686-002792.txt,
,,2026-09-06T10:36:59+08:00,,6.519,,3394.983,142,14496,56.583333333333336,40541,38555,focus-switch,,26438,,,103735,KBoard (30s),40,245004,True,51,2,812,,True
,,2026-09-06T10:37:30+08:00,,8.691,,3425.706,147,15056,57.1,41517,40379,relay-recreate,,26438,,,106032,KBoard (30s),40,247320,True,51,2,812,,True
131,656,2026-09-06T10:37:51.447521+08:00,,8.194,,2853.345,147,19912,57.457458683333336,44550,40443,,,26438,pad,,110953,pad:com.newlink.kemi.kboard,,252244,,51,,,,
92485,185480,2026-09-06T10:37:51.447521+08:00,,140.137,,2853.345,264,4060,57.457458683333336,223529,209483,,,32656,pad,,391789,pad:com.newlinksz.kemi.remote,,623984,,145,,,,
,,2026-09-06T10:37:51.447521+08:00,/Applications/KEMI远程办公.app/Contents/MacOS/KEMI远程办公,14.323,8.9,2853.345,95,,57.457458683333336,,,,,18666,mac,1,,mac:main,,207840,,78,,,,
,,2026-09-06T10:37:51.447521+08:00,/Applications/KEMI远程办公.app/Contents/MacOS/KEMI远程办公 --cm,1.217,1.0,2853.345,45,,57.457458683333336,,,,,18686,mac,18666,,mac:--cm,,66176,,31,,,,
,,2026-09-06T10:38:01+08:00,,7.954,,3456.633,104,12328,57.61666666666667,39045,37843,show-hide,,26438,,,100747,KBoard (30s),41,242040,False,51,2,811,,False
,,2026-09-06T10:38:31+08:00,,7.848,,3487.342,148,14860,58.11666666666667,40888,39055,focus-switch,,26438,,,104625,KBoard (30s),41,245936,True,51,2,812,,True
131,656,2026-09-06T10:38:53.684515+08:00,,7.655,,2915.582,151,15008,58.49474191666666,40900,40115,,,26438,pad,,105973,pad:com.newlink.kemi.kboard,,247140,,51,,,,
92485,185480,2026-09-06T10:38:53.684515+08:00,,165.021,,2915.582,264,3948,58.49474191666666,223447,209963,,,32656,pad,,391949,pad:com.newlinksz.kemi.remote,,624220,,137,,,,
,,2026-09-06T10:38:53.684515+08:00,/Applications/KEMI远程办公.app/Contents/MacOS/KEMI远程办公,14.8,8.0,2915.582,97,,58.49474191666666,,,,,18666,mac,1,,mac:main,,195968,,83,,,,
,,2026-09-06T10:38:53.684515+08:00,/Applications/KEMI远程办公.app/Contents/MacOS/KEMI远程办公 --cm,1.157,0.1,2915.582,45,,58.49474191666666,,,,,18686,mac,18666,,mac:--cm,,64432,,31,,,,
,,2026-09-06T10:39:02+08:00,,9.977,,3518.114,140,19724,58.63333333333333,43807,39319,relay-recreate,,26438,,,109850,KBoard (30s),41,251072,True,51,4,829,,True
,,2026-09-06T10:39:33+08:00,,6.626,,3548.904,143,12664,59.15,39450,37995,home-resume,,26438,,,101346,KBoard (30s),42,242660,True,51,2,811,,True
131,656,2026-09-06T10:39:55.160562+08:00,,7.941,,2977.058,148,14544,59.5193427,40337,38411,,,26438,pad,,103669,pad:com.newlink.kemi.kboard,,244988,,51,,,,
92485,185480,2026-09-06T10:39:55.160562+08:00,,162.213,,2977.058,264,3916,59.5193427,224263,210367,,,32656,pad,,392315,pad:com.newlinksz.kemi.remote,,624496,,131,,,,
,,2026-09-06T10:39:55.160562+08:00,/Applications/KEMI远程办公.app/Contents/MacOS/KEMI远程办公,14.201,27.2,2977.058,95,,59.5193427,,,,,18666,mac,1,,mac:main,,190576,,80,,,,
,,2026-09-06T10:39:55.160562+08:00,/Applications/KEMI远程办公.app/Contents/MacOS/KEMI远程办公 --cm,1.155,0.1,2977.059,45,,59.5193427,,,,,18686,mac,18666,,mac:--cm,,61728,,31,,,,
,,2026-09-06T10:40:04+08:00,,8.33,,3579.755,148,12684,59.666666666666664,40532,38435,focus-switch,,26438,,,101952,KBoard (30s),42,243128,True,51,2,812,,True
,,2026-09-06T10:40:35+08:00,,8.539,,3610.672,149,22172,60.18333333333333,44061,40203,show-hide,,26438,,,113082,KBoard (30s),43,254412,True,51,4,831,,True
131,656,2026-09-06T10:40:56.273474+08:00,,8.647,,3038.171,147,12624,60.53789123333333,39468,37719,,,26438,pad,,101049,pad:com.newlink.kemi.kboard,,242376,,51,,,,
92485,185480,2026-09-06T10:40:56.273474+08:00,,159.496,,3038.171,264,3940,60.53789123333333,223815,209963,,,32656,pad,,391837,pad:com.newlinksz.kemi.remote,,624128,,132,,,,
,,2026-09-06T10:40:56.273474+08:00,/Applications/KEMI远程办公.app/Contents/MacOS/KEMI远程办公,13.972,5.6,3038.171,95,,60.53789123333333,,,,,18666,mac,1,,mac:main,,205728,,80,,,,
,,2026-09-06T10:40:56.273474+08:00,/Applications/KEMI远程办公.app/Contents/MacOS/KEMI远程办公 --cm,1.145,0.0,3038.171,45,,60.53789123333333,,,,,18686,mac,18666,,mac:--cm,,61888,,31,,,,
,,2026-09-06T10:41:05+08:00,,8.39,,3641.423,147,12684,60.68333333333333,38998,37023,home-resume,,26438,,,100406,KBoard (30s),43,241740,True,51,2,811,,True
,,2026-09-06T10:41:36+08:00,,7.415,,3672.172,145,16780,61.2,41110,40251,relay-recreate,,26438,,,107896,KBoard (30s),43,249100,True,51,2,812,,True
131,656,2026-09-06T10:42:01.525465+08:00,,8.343,,3103.421,137,20104,61.62542441666667,43801,39691,,,26438,pad,,110530,pad:com.newlink.kemi.kboard,,251884,,51,,,,
92485,185480,2026-09-06T10:42:01.525465+08:00,,163.826,,3103.421,264,3988,61.62542441666667,224327,212423,,,32656,pad,,394518,pad:com.newlinksz.kemi.remote,,626812,,142,,,,
,,2026-09-06T10:42:01.525465+08:00,/Applications/KEMI远程办公.app/Contents/MacOS/KEMI远程办公,14.599,6.4,3103.421,95,,61.62542441666667,,,,790118.4,18666,mac,1,,mac:main,,203136,,79,,,vmmap-18666-003102.txt,
,,2026-09-06T10:42:01.525465+08:00,/Applications/KEMI远程办公.app/Contents/MacOS/KEMI远程办公 --cm,1.148,0.0,3103.421,45,,61.62542441666667,,,,89395.2,18686,mac,18666,,mac:--cm,,65968,,31,,,vmmap-18686-003103.txt,
,,2026-09-06T10:42:07+08:00,,9.331,,3703.144,147,13224,61.71666666666667,39876,37855,show-hide,,26438,,,101964,KBoard (30s),44,243176,True,51,2,811,,True
,,2026-09-06T10:42:38+08:00,,6.596,,3733.921,142,14436,62.233333333333334,40861,38659,home-resume,,26438,,,103844,KBoard (30s),44,245204,True,51,2,812,,True
131,656,2026-09-06T10:43:02.951621+08:00,,7.817,,3164.847,146,15044,62.64919368333334,41054,40443,,,26438,pad,,106258,pad:com.newlink.kemi.kboard,,247600,,51,,,,
92485,185480,2026-09-06T10:43:02.951621+08:00,,149.416,,3164.848,264,3960,62.64919368333334,223951,211651,,,32656,pad,,393651,pad:com.newlinksz.kemi.remote,,625940,,136,,,,
,,2026-09-06T10:43:02.951621+08:00,/Applications/KEMI远程办公.app/Contents/MacOS/KEMI远程办公,14.088,6.6,3164.848,95,,62.64919368333334,,,,,18666,mac,1,,mac:main,,216672,,81,,,,
,,2026-09-06T10:43:02.951621+08:00,/Applications/KEMI远程办公.app/Contents/MacOS/KEMI远程办公 --cm,1.125,1.2,3164.848,45,,62.64919368333334,,,,,18686,mac,18666,,mac:--cm,,72160,,32,,,,
,,2026-09-06T10:43:09+08:00,,9.151,,3764.739,149,12672,62.75,40172,38367,relay-recreate,,26438,,,101786,KBoard (30s),44,243128,True,51,2,812,,True
,,2026-09-06T10:43:41+08:00,,7.181,,3796.768,147,20452,63.28333333333333,44279,40247,show-hide,,26438,,,111473,KBoard (30s),45,252820,False,51,4,831,,False
131,656,2026-09-06T10:44:04.228221+08:00,,8.209,,3226.124,142,15252,63.670470349999995,40842,39019,,,26438,pad,,105049,pad:com.newlink.kemi.kboard,,246392,,51,,,,
92485,185480,2026-09-06T10:44:04.228221+08:00,,151.743,,3226.124,264,3896,63.670470349999995,223973,209987,,,32656,pad,,391792,pad:com.newlinksz.kemi.remote,,624084,,130,,,,
,,2026-09-06T10:44:04.228221+08:00,/Applications/KEMI远程办公.app/Contents/MacOS/KEMI远程办公,14.361,8.0,3226.124,95,,63.670470349999995,,,,,18666,mac,1,,mac:main,,220992,,80,,,,
,,2026-09-06T10:44:04.228221+08:00,/Applications/KEMI远程办公.app/Contents/MacOS/KEMI远程办公 --cm,1.208,0.1,3226.124,45,,63.670470349999995,,,,,18686,mac,18666,,mac:--cm,,73184,,31,,,,
,,2026-09-06T10:44:11+08:00,,8.799,,3827.454,148,12748,63.78333333333333,40699,38687,focus-switch,,26438,,,102173,KBoard (30s),45,243532,True,51,2,812,,True
,,2026-09-06T10:44:42+08:00,,8.038,,3858.308,106,21008,64.3,43449,39967,relay-recreate,,26438,,,111888,KBoard (30s),45,253108,True,51,4,829,,True
131,656,2026-09-06T10:45:06.562290+08:00,,8.269,,3288.458,147,13780,64.7093715,39874,38135,,,26438,pad,,102812,pad:com.newlink.kemi.kboard,,244032,,51,,,,
94005,188520,2026-09-06T10:45:06.562290+08:00,,161.081,,3288.458,264,3912,64.7093715,224046,210711,,,32656,pad,,394099,pad:com.newlinksz.kemi.remote,,627908,,133,,,,
,,2026-09-06T10:45:06.562290+08:00,/Applications/KEMI远程办公.app/Contents/MacOS/KEMI远程办公,15.626,9.0,3288.458,95,,64.7093715,,,,,18666,mac,1,,mac:main,,209392,,82,,,,
,,2026-09-06T10:45:06.562290+08:00,/Applications/KEMI远程办公.app/Contents/MacOS/KEMI远程办公 --cm,1.267,0.8,3288.458,45,,64.7093715,,,,,18686,mac,18666,,mac:--cm,,73504,,31,,,,
,,2026-09-06T10:45:13+08:00,,8.105,,3889.155,147,12608,64.81666666666666,38932,37671,home-resume,,26438,,,101160,KBoard (30s),46,242380,True,51,2,811,,True
,,2026-09-06T10:45:44+08:00,,7.867,,3919.918,148,14640,65.33333333333333,40638,38731,focus-switch,,26438,,,104147,KBoard (30s),46,245492,True,51,2,812,,True
131,656,2026-09-06T10:46:07.974956+08:00,,8.111,,3349.871,151,15028,65.73291593333333,40875,40187,,,26438,pad,,106116,pad:com.newlink.kemi.kboard,,247344,,51,,,,
94005,188520,2026-09-06T10:46:07.974956+08:00,,164.909,,3349.871,264,3996,65.73291593333333,224520,210623,,,32656,pad,,394318,pad:com.newlinksz.kemi.remote,,628048,,141,,,,
,,2026-09-06T10:46:07.974956+08:00,/Applications/KEMI远程办公.app/Contents/MacOS/KEMI远程办公,18.286,15.0,3349.871,95,,65.73291593333333,,,,,18666,mac,1,,mac:main,,213504,,78,,,,
,,2026-09-06T10:46:07.974956+08:00,/Applications/KEMI远程办公.app/Contents/MacOS/KEMI远程办公 --cm,1.498,1.6,3349.871,45,,65.73291593333333,,,,,18686,mac,18666,,mac:--cm,,73536,,31,,,,
,,2026-09-06T10:46:15+08:00,,9.247,,3950.739,147,19972,65.85,43826,39379,show-hide,,26438,,,110129,KBoard (30s),47,251488,True,51,4,831,,True
,,2026-09-06T10:46:45+08:00,,7.429,,3981.43,143,12692,66.35,39650,37663,home-resume,,26438,,,101107,KBoard (30s),47,242484,True,51,2,811,,True
131,656,2026-09-06T10:47:12.956996+08:00,,7.917,,3414.853,148,14572,66.81594993333333,40828,38863,,,26438,pad,,104202,pad:com.newlink.kemi.kboard,,245576,,51,,,,
94005,188520,2026-09-06T10:47:12.956996+08:00,,157.868,,3414.853,264,3960,66.81594993333333,224665,210967,,,32656,pad,,394445,pad:com.newlinksz.kemi.remote,,628260,,135,,,,
,,2026-09-06T10:47:12.956996+08:00,/Applications/KEMI远程办公.app/Contents/MacOS/KEMI远程办公,17.644,16.5,3414.853,95,,66.81594993333333,,,,795136.0,18666,mac,1,,mac:main,,224896,,79,,,vmmap-18666-003414.txt,
,,2026-09-06T10:47:12.956996+08:00,/Applications/KEMI远程办公.app/Contents/MacOS/KEMI远程办公 --cm,1.619,0.2,3414.853,45,,66.81594993333333,,,,89600.0,18686,mac,18666,,mac:--cm,,73632,,31,,,vmmap-18686-003414.txt,
,,2026-09-06T10:47:16+08:00,,7.797,,4012.21,145,14840,66.86666666666666,40663,39971,focus-switch,,26438,,,105466,KBoard (30s),47,246844,True,51,2,812,,True
,,2026-09-06T10:47:47+08:00,,8.252,,4042.991,147,20068,67.38333333333334,44041,40223,show-hide,,26438,,,110944,KBoard (30s),48,252324,True,51,4,831,,True
131,656,2026-09-06T10:48:14.317344+08:00,,8.01,,3476.213,142,13420,67.8386224,41470,39287,,,26438,pad,,103504,pad:com.newlink.kemi.kboard,,244740,,51,,,,
94005,188520,2026-09-06T10:48:14.317344+08:00,,143.19,,3476.213,264,3960,67.8386224,224721,211187,,,32656,pad,,394795,pad:com.newlinksz.kemi.remote,,628496,,136,,,,
,,2026-09-06T10:48:14.317344+08:00,/Applications/KEMI远程办公.app/Contents/MacOS/KEMI远程办公,15.739,8.1,3476.214,95,,67.8386224,,,,,18666,mac,1,,mac:main,,217072,,78,,,,
,,2026-09-06T10:48:14.317344+08:00,/Applications/KEMI远程办公.app/Contents/MacOS/KEMI远程办公 --cm,1.578,0.0,3476.214,45,,67.8386224,,,,,18686,mac,18666,,mac:--cm,,74480,,31,,,,
,,2026-09-06T10:48:18+08:00,,7.532,,4073.792,142,13652,67.9,40907,38715,home-resume,,26438,,,103048,KBoard (30s),48,244412,True,51,2,812,,True
,,2026-09-06T10:48:49+08:00,,7.74,,4104.669,147,15152,68.41666666666667,41156,40259,relay-recreate,,26438,,,106293,KBoard (30s),48,247588,True,51,2,812,,True
131,656,2026-09-06T10:49:15.592401+08:00,,8.579,,3537.488,147,20152,68.85987335,44404,40475,,,26438,pad,,111439,pad:com.newlink.kemi.kboard,,252816,,51,,,,
94005,188520,2026-09-06T10:49:15.592401+08:00,,163.725,,3537.489,264,3932,68.85987335,224344,211023,,,32656,pad,,394425,pad:com.newlinksz.kemi.remote,,628236,,132,,,,
,,2026-09-06T10:49:15.592401+08:00,/Applications/KEMI远程办公.app/Contents/MacOS/KEMI远程办公,16.499,22.5,3537.489,95,,68.85987335,,,,,18666,mac,1,,mac:main,,228048,,82,,,,
,,2026-09-06T10:49:15.592401+08:00,/Applications/KEMI远程办公.app/Contents/MacOS/KEMI远程办公 --cm,1.534,0.6,3537.489,45,,68.85987335,,,,,18686,mac,18666,,mac:--cm,,74480,,31,,,,
,,2026-09-06T10:49:19+08:00,,8.92,,4135.499,147,13412,68.91666666666667,40025,38139,show-hide,,26438,,,102492,KBoard (30s),49,243740,False,51,2,811,,False
,,2026-09-06T10:49:50+08:00,,6.542,,4166.377,148,14556,69.43333333333334,41166,39407,focus-switch,,26438,,,104900,KBoard (30s),49,246148,True,51,2,812,,True
131,656,2026-09-06T10:50:16.945520+08:00,,7.343,,3598.841,151,15004,69.88242533333333,41092,41623,,,26438,pad,,107456,pad:com.newlink.kemi.kboard,,248708,,51,,,,
94005,188520,2026-09-06T10:50:16.945520+08:00,,157.535,,3598.842,264,3908,69.88242533333333,223940,211887,,,32656,pad,,395448,pad:com.newlinksz.kemi.remote,,629196,,139,,,,
,,2026-09-06T10:50:16.945520+08:00,/Applications/KEMI远程办公.app/Contents/MacOS/KEMI远程办公,14.49,6.5,3598.842,95,,69.88242533333333,,,,,18666,mac,1,,mac:main,,225072,,76,,,,
,,2026-09-06T10:50:16.945520+08:00,/Applications/KEMI远程办公.app/Contents/MacOS/KEMI远程办公 --cm,1.646,2.6,3598.842,45,,69.88242533333333,,,,,18686,mac,18666,,mac:--cm,,74496,,31,,,,
,,2026-09-06T10:50:21+08:00,,9.741,,4197.175,149,12664,69.95,40749,39051,relay-recreate,,26438,,,102378,KBoard (30s),49,243768,True,51,2,812,,True
,,2026-09-06T10:50:52+08:00,,7.354,,4227.906,147,13140,70.46666666666667,39492,38075,home-resume,,26438,,,101895,KBoard (30s),50,243276,True,51,2,811,,True
131,656,2026-09-06T10:51:18.104697+08:00,,8.058,,3660.0,141,14632,70.90174495,40942,39127,,,26438,pad,,104442,pad:com.newlink.kemi.kboard,,245840,,51,,,,
94005,188520,2026-09-06T10:51:18.104697+08:00,,162.568,,3660.001,264,3872,70.90174495,224002,211335,,,32656,pad,,394680,pad:com.newlinksz.kemi.remote,,628488,,132,,,,
,,2026-09-06T10:51:18.104697+08:00,/Applications/KEMI远程办公.app/Contents/MacOS/KEMI远程办公,14.258,8.0,3660.001,95,,70.90174495,,,,,18666,mac,1,,mac:main,,226416,,78,,,,
,,2026-09-06T10:51:18.104697+08:00,/Applications/KEMI远程办公.app/Contents/MacOS/KEMI远程办公 --cm,1.635,0.0,3660.001,45,,70.90174495,,,,,18686,mac,18666,,mac:--cm,,74496,,31,,,,
,,2026-09-06T10:51:23+08:00,,7.895,,4258.686,144,12648,70.98333333333333,40948,38887,focus-switch,,26438,,,102296,KBoard (30s),50,243596,True,51,2,812,,True
,,2026-09-06T10:51:53+08:00,,8.199,,4289.542,138,22352,71.48333333333333,44091,40335,show-hide,,26438,,,113507,KBoard (30s),51,254908,True,51,4,829,,True
131,656,2026-09-06T10:52:22.869493+08:00,,7.989,,3724.765,147,12616,71.98115821666667,39176,37995,,,26438,pad,,101383,pad:com.newlink.kemi.kboard,,242804,,51,,,,
94005,188520,2026-09-06T10:52:22.869493+08:00,,159.879,,3724.766,264,3908,71.98115821666667,224730,212111,,,32656,pad,,395650,pad:com.newlinksz.kemi.remote,,629352,,135,,,,
,,2026-09-06T10:52:22.869493+08:00,/Applications/KEMI远程办公.app/Contents/MacOS/KEMI远程办公,14.623,9.9,3724.766,95,,71.98115821666667,,,,745676.8,18666,mac,1,,mac:main,,235264,,75,,,vmmap-18666-003724.txt,
,,2026-09-06T10:52:22.869493+08:00,/Applications/KEMI远程办公.app/Contents/MacOS/KEMI远程办公 --cm,1.811,0.1,3724.766,45,,71.98115821666667,,,,89600.0,18686,mac,18666,,mac:--cm,,74672,,30,,,vmmap-18686-003724.txt,
,,2026-09-06T10:52:24+08:00,,8.434,,4320.252,147,12648,72.0,38812,37351,home-resume,,26438,,,100770,KBoard (30s),51,242188,True,51,2,811,,True
,,2026-09-06T10:52:55+08:00,,7.893,,4351.167,188,16724,72.51666666666667,42409,39631,focus-switch,,26438,,,107282,KBoard (30s),51,248620,True,51,2,812,,True
131,656,2026-09-06T10:53:24.121185+08:00,,8.399,,3786.017,143,20284,73.00201975,44293,40167,,,26438,pad,,111340,pad:com.newlink.kemi.kboard,,252712,,51,,,,
94007,188524,2026-09-06T10:53:24.121185+08:00,,160.865,,3786.017,264,4000,73.00201975,225080,212643,,,32656,pad,,396329,pad:com.newlinksz.kemi.remote,,630140,,145,,,,
,,2026-09-06T10:53:24.121185+08:00,/Applications/KEMI远程办公.app/Contents/MacOS/KEMI远程办公,13.545,12.1,3786.017,95,,73.00201975,,,,,18666,mac,1,,mac:main,,238192,,75,,,,
,,2026-09-06T10:53:24.121185+08:00,/Applications/KEMI远程办公.app/Contents/MacOS/KEMI远程办公 --cm,2.065,2.1,3786.017,45,,73.00201975,,,,,18686,mac,18666,,mac:--cm,,74880,,30,,,,
,,2026-09-06T10:53:26+08:00,,8.55,,4381.928,141,13148,73.03333333333333,40012,37831,show-hide,,26438,,,101908,KBoard (30s),52,243244,True,51,2,811,,True
,,2026-09-06T10:53:57+08:00,,6.924,,4412.834,143,13600,73.55,40781,38819,home-resume,,26438,,,103384,KBoard (30s),52,244676,False,51,2,812,,False
131,656,2026-09-06T10:54:25.422485+08:00,,7.789,,3847.318,146,15840,74.02370808333333,40959,40431,,,26438,pad,,107114,pad:com.newlink.kemi.kboard,,248540,,51,,,,
95527,191564,2026-09-06T10:54:25.422485+08:00,,161.262,,3847.319,264,3944,74.02370808333333,224053,211063,,,32656,pad,,396089,pad:com.newlinksz.kemi.remote,,631424,,138,,,,
,,2026-09-06T10:54:25.422485+08:00,/Applications/KEMI远程办公.app/Contents/MacOS/KEMI远程办公,14.405,11.7,3847.319,95,,74.02370808333333,,,,,18666,mac,1,,mac:main,,238944,,75,,,,
,,2026-09-06T10:54:25.422485+08:00,/Applications/KEMI远程办公.app/Contents/MacOS/KEMI远程办公 --cm,2.284,0.1,3847.319,45,,74.02370808333333,,,,,18686,mac,18666,,mac:--cm,,74880,,30,,,,
,,2026-09-06T10:54:28+08:00,,8.878,,4443.582,149,12644,74.06666666666666,40001,38303,relay-recreate,,26438,,,101776,KBoard (30s),52,243276,True,51,2,812,,True
,,2026-09-06T10:54:58+08:00,,8.426,,4474.322,147,20124,74.56666666666666,43988,40299,show-hide,,26438,,,111416,KBoard (30s),53,252776,False,51,4,831,,False
131,656,2026-09-06T10:55:27.193064+08:00,,7.974,,3909.089,142,14520,75.05321773333334,40682,38695,,,26438,pad,,104200,pad:com.newlink.kemi.kboard,,245560,,51,,,,
95527,191564,2026-09-06T10:55:27.193064+08:00,,162.133,,3909.089,264,3884,75.05321773333334,223785,211279,,,32656,pad,,396133,pad:com.newlinksz.kemi.remote,,631464,,131,,,,
,,2026-09-06T10:55:27.193064+08:00,/Applications/KEMI远程办公.app/Contents/MacOS/KEMI远程办公,13.501,8.8,3909.089,95,,75.05321773333334,,,,,18666,mac,1,,mac:main,,239712,,74,,,,
,,2026-09-06T10:55:27.193064+08:00,/Applications/KEMI远程办公.app/Contents/MacOS/KEMI远程办公 --cm,2.283,0.4,3909.089,45,,75.05321773333334,,,,,18686,mac,18666,,mac:--cm,,74880,,30,,,,
,,2026-09-06T10:55:29+08:00,,7.06,,4505.061,144,12632,75.08333333333333,40575,38435,focus-switch,,26438,,,101922,KBoard (30s),53,243412,True,51,2,812,,True
,,2026-09-06T10:56:00+08:00,,8.566,,4535.88,151,15024,75.6,40797,39995,relay-recreate,,26438,,,106024,KBoard (30s),53,247400,True,51,2,812,,True
131,656,2026-09-06T10:56:28.633979+08:00,,8.361,,3970.53,147,12852,76.07723298333333,38727,37683,,,26438,pad,,101390,pad:com.newlink.kemi.kboard,,242912,,51,,,,
95527,191564,2026-09-06T10:56:28.633979+08:00,,165.611,,3970.53,264,3960,76.07723298333333,224259,212523,,,32656,pad,,397691,pad:com.newlinksz.kemi.remote,,632916,,139,,,,
,,2026-09-06T10:56:28.633979+08:00,/Applications/KEMI远程办公.app/Contents/MacOS/KEMI远程办公,12.516,9.3,3970.53,95,,76.07723298333333,,,,,18666,mac,1,,mac:main,,240496,,75,,,,
,,2026-09-06T10:56:28.633979+08:00,/Applications/KEMI远程办公.app/Contents/MacOS/KEMI远程办公 --cm,2.1,0.0,3970.53,45,,76.07723298333333,,,,,18686,mac,18666,,mac:--cm,,75056,,30,,,,
,,2026-09-06T10:56:31+08:00,,8.33,,4566.731,114,12824,76.11666666666666,39091,37815,home-resume,,26438,,,101489,KBoard (30s),54,243012,True,51,2,811,,True
,,2026-09-06T10:57:01+08:00,,8.191,,4597.496,148,14656,76.61666666666666,40665,39011,focus-switch,,26438,,,104547,KBoard (30s),54,246056,True,51,2,812,,True
,,2026-09-06T10:57:32+08:00,,9.481,,4628.084,135,13180,77.13333333333334,39228,37391,show-hide,,26438,,,101542,KBoard (30s),55,242968,True,51,2,809,,True
131,656,2026-09-06T10:57:34.250830+08:00,,9.084,,4036.146,137,22076,77.17084716666666,44284,40375,,,26438,pad,,113446,pad:com.newlink.kemi.kboard,,254848,,51,,,,
95527,191564,2026-09-06T10:57:34.250830+08:00,,159.753,,4036.147,264,3992,77.17084716666666,223832,210639,,,32656,pad,,395792,pad:com.newlinksz.kemi.remote,,631120,,142,,,,
,,2026-09-06T10:57:34.250830+08:00,/Applications/KEMI远程办公.app/Contents/MacOS/KEMI远程办公,12.42,8.2,4036.147,95,,77.17084716666666,,,,751616.0,18666,mac,1,,mac:main,,241264,,73,,,vmmap-18666-004035.txt,
,,2026-09-06T10:57:34.250830+08:00,/Applications/KEMI远程办公.app/Contents/MacOS/KEMI远程办公 --cm,2.095,0.9,4036.147,45,,77.17084716666666,,,,89600.0,18686,mac,18666,,mac:--cm,,75056,,30,,,vmmap-18686-004036.txt,
,,2026-09-06T10:58:03+08:00,,7.308,,4658.87,143,12664,77.65,39460,37355,home-resume,,26438,,,100954,KBoard (30s),55,242384,True,51,2,811,,True
,,2026-09-06T10:58:34+08:00,,7.844,,4689.595,189,15796,78.16666666666667,41778,39451,focus-switch,,26438,,,106256,KBoard (30s),55,247640,False,51,2,812,,False
131,656,2026-09-06T10:58:35.655458+08:00,,7.823,,4097.551,187,12772,78.19425763333334,41464,39071,,,26438,pad,,102856,pad:com.newlink.kemi.kboard,,244240,,51,,,,
95527,191564,2026-09-06T10:58:35.655458+08:00,,162.093,,4097.551,264,3972,78.19425763333334,223821,210655,,,32656,pad,,395755,pad:com.newlinksz.kemi.remote,,631020,,136,,,,
,,2026-09-06T10:58:35.655458+08:00,/Applications/KEMI远程办公.app/Contents/MacOS/KEMI远程办公,12.703,11.5,4097.551,95,,78.19425763333334,,,,,18666,mac,1,,mac:main,,242192,,75,,,,
,,2026-09-06T10:58:35.655458+08:00,/Applications/KEMI远程办公.app/Contents/MacOS/KEMI远程办公 --cm,2.013,1.2,4097.551,45,,78.19425763333334,,,,,18686,mac,18666,,mac:--cm,,75216,,30,,,,
,,2026-09-06T10:59:04+08:00,,8.943,,4720.346,147,21088,78.66666666666667,44166,40447,show-hide,,26438,,,112402,KBoard (30s),56,253932,True,51,4,831,,True
,,2026-09-06T10:59:35+08:00,,7.121,,4751.1,142,13520,79.18333333333334,40753,38883,home-resume,,26438,,,103408,KBoard (30s),56,244792,False,51,2,812,,False
131,656,2026-09-06T10:59:37.085436+08:00,,8.024,,4158.981,142,12644,79.21809060000001,40347,38319,,,26438,pad,,101972,pad:com.newlink.kemi.kboard,,243356,,51,,,,
95527,191564,2026-09-06T10:59:37.085436+08:00,,149.417,,4158.981,264,3916,79.21809060000001,223955,211403,,,32656,pad,,396388,pad:com.newlinksz.kemi.remote,,631616,,130,,,,
,,2026-09-06T10:59:37.085436+08:00,/Applications/KEMI远程办公.app/Contents/MacOS/KEMI远程办公,13.169,13.7,4158.982,95,,79.21809060000001,,,,,18666,mac,1,,mac:main,,242944,,74,,,,
,,2026-09-06T10:59:37.085436+08:00,/Applications/KEMI远程办公.app/Contents/MacOS/KEMI远程办公 --cm,2.279,1.7,4158.982,45,,79.21809060000001,,,,,18686,mac,18666,,mac:--cm,,75216,,30,,,,
,,2026-09-06T11:00:06+08:00,,8.148,,4781.905,142,12604,79.7,40734,38351,relay-recreate,,26438,,,101944,KBoard (30s),56,243376,True,51,2,812,,True
,,2026-09-06T11:00:37+08:00,,9.393,,4812.674,147,20196,80.21666666666667,44271,40551,show-hide,,26438,,,111660,KBoard (30s),57,253052,False,51,4,831,,False
131,656,2026-09-06T11:00:38.304423+08:00,,8.875,,4220.2,147,13244,80.23840704999999,40503,38187,,,26438,pad,,102352,pad:com.newlink.kemi.kboard,,243744,,51,,,,
95527,191564,2026-09-06T11:00:38.304423+08:00,,147.798,,4220.2,264,3876,80.23840704999999,225171,213039,,,32656,pad,,398020,pad:com.newlinksz.kemi.remote,,633248,,131,,,,
,,2026-09-06T11:00:38.304423+08:00,/Applications/KEMI远程办公.app/Contents/MacOS/KEMI远程办公,12.758,12.5,4220.201,99,,80.23840704999999,,,,,18666,mac,1,,mac:main,,246064,,77,,,,
,,2026-09-06T11:00:38.304423+08:00,/Applications/KEMI远程办公.app/Contents/MacOS/KEMI远程办公 --cm,2.434,0.0,4220.201,46,,80.23840704999999,,,,,18686,mac,18666,,mac:--cm,,95456,,29,,,,
,,2026-09-06T11:01:07+08:00,,6.536,,4843.426,143,14528,80.71666666666667,41307,39359,focus-switch,,26438,,,104669,KBoard (30s),57,246204,True,51,2,812,,True
,,2026-09-06T11:01:38+08:00,,9.301,,4874.069,151,15068,81.23333333333333,41417,40747,relay-recreate,,26438,,,106611,KBoard (30s),57,248140,True,51,2,812,,True
131,656,2026-09-06T11:01:39.584580+08:00,,7.868,,4281.48,149,12628,81.259743,40320,38127,,,26438,pad,,101538,pad:com.newlink.kemi.kboard,,243072,,51,,,,
95527,191564,2026-09-06T11:01:39.584580+08:00,,162.458,,4281.481,264,3940,81.259743,226010,212587,,,32656,pad,,397729,pad:com.newlinksz.kemi.remote,,633016,,141,,,,
,,2026-09-06T11:01:39.584580+08:00,/Applications/KEMI远程办公.app/Contents/MacOS/KEMI远程办公,11.88,7.0,4281.481,98,,81.259743,,,,,18666,mac,1,,mac:main,,240352,,80,,,,
,,2026-09-06T11:01:39.584580+08:00,/Applications/KEMI远程办公.app/Contents/MacOS/KEMI远程办公 --cm,1.583,0.0,4281.481,46,,81.259743,,,,,18686,mac,18666,,mac:--cm,,99248,,29,,,,
,,2026-09-06T11:02:09+08:00,,7.854,,4904.753,114,13104,81.75,39080,37711,home-resume,,26438,,,101707,KBoard (30s),58,243248,True,51,2,811,,True
,,2026-09-06T11:02:40+08:00,,6.902,,4935.613,142,14644,82.26666666666667,41173,39131,focus-switch,,26438,,,104772,KBoard (30s),58,246196,True,51,2,812,,True
131,656,2026-09-06T11:02:45.024189+08:00,,7.268,,4346.92,146,12348,82.35040314999999,41064,39131,,,26438,pad,,102440,pad:com.newlink.kemi.kboard,,243900,,51,,,,
95527,191564,2026-09-06T11:02:45.024189+08:00,,147.366,,4346.92,264,3888,82.35040314999999,226600,214559,,,32656,pad,,399472,pad:com.newlinksz.kemi.remote,,634808,,134,,,,
,,2026-09-06T11:02:45.024189+08:00,/Applications/KEMI远程办公.app/Contents/MacOS/KEMI远程办公,13.899,45.6,4346.92,98,,82.35040314999999,,,,863846.4,18666,mac,1,,mac:main,,254640,,78,,,vmmap-18666-004346.txt,
,,2026-09-06T11:02:45.024189+08:00,/Applications/KEMI远程办公.app/Contents/MacOS/KEMI远程办公 --cm,1.5,0.1,4346.92,46,,82.35040314999999,,,,86732.8,18686,mac,18666,,mac:--cm,,103232,,29,,,vmmap-18686-004346.txt,
,,2026-09-06T11:03:10+08:00,,9.408,,4966.438,141,22028,82.76666666666667,43886,40275,relay-recreate,,26438,,,113212,KBoard (30s),58,254760,True,51,4,829,,True
,,2026-09-06T11:03:41+08:00,,6.758,,4997.216,147,12664,83.28333333333333,39017,37719,home-resume,,26438,,,101282,KBoard (30s),59,242844,True,51,2,811,,True
131,656,2026-09-06T11:03:46.887172+08:00,,8.194,,4408.783,143,12676,83.38145286666666,39185,37067,,,26438,pad,,100741,pad:com.newlink.kemi.kboard,,242212,,51,,,,
95685,191880,2026-09-06T11:03:46.887172+08:00,,124.587,,4408.783,264,3952,83.38145286666666,226752,212263,,,32656,pad,,397470,pad:com.newlinksz.kemi.remote,,632964,,138,,,,
,,2026-09-06T11:03:46.887172+08:00,/Applications/KEMI远程办公.app/Contents/MacOS/KEMI远程办公,12.017,18.2,4408.783,95,,83.38145286666666,,,,,18666,mac,1,,mac:main,,239616,,74,,,,
,,2026-09-06T11:03:46.887172+08:00,/Applications/KEMI远程办公.app/Contents/MacOS/KEMI远程办公 --cm,1.501,1.5,4408.783,45,,83.38145286666666,,,,,18686,mac,18666,,mac:--cm,,107664,,30,,,,
,,2026-09-06T11:04:12+08:00,,8.673,,5028.002,188,15584,83.8,41786,39355,focus-switch,,26438,,,105988,KBoard (30s),59,247416,False,51,2,812,,False
,,2026-09-06T11:04:43+08:00,,8.407,,5058.81,144,21456,84.31666666666666,44516,40263,show-hide,,26438,,,112731,KBoard (30s),60,254216,True,51,4,831,,True
131,656,2026-09-06T11:04:48.144761+08:00,,8.851,,4470.04,147,13192,84.40241268333332,39754,37903,,,26438,pad,,102022,pad:com.newlink.kemi.kboard,,243600,,51,,,,
95731,191972,2026-09-06T11:04:48.144761+08:00,,172.723,,4470.041,264,3876,84.40241268333332,225959,212551,,,32656,pad,,397627,pad:com.newlinksz.kemi.remote,,633172,,132,,,,
,,2026-09-06T11:04:48.144761+08:00,/Applications/KEMI远程办公.app/Contents/MacOS/KEMI远程办公,14.415,14.1,4470.041,95,,84.40241268333332,,,,,18666,mac,1,,mac:main,,250608,,74,,,,
,,2026-09-06T11:04:48.144761+08:00,/Applications/KEMI远程办公.app/Contents/MacOS/KEMI远程办公 --cm,1.388,0.1,4470.041,45,,84.40241268333332,,,,,18686,mac,18666,,mac:--cm,,107664,,30,,,,
,,2026-09-06T11:05:14+08:00,,8.401,,5089.638,147,12700,84.83333333333333,39162,38347,home-resume,,26438,,,102096,KBoard (30s),60,243528,False,51,2,811,,False
,,2026-09-06T11:05:44+08:00,,6.908,,5120.47,146,16676,85.33333333333333,40857,40035,relay-recreate,,26438,,,107641,KBoard (30s),60,249208,True,51,2,812,,True
131,656,2026-09-06T11:05:49.453260+08:00,,7.372,,4531.349,149,12676,85.424221,40013,38183,,,26438,pad,,101924,pad:com.newlink.kemi.kboard,,243356,,51,,,,
95747,192004,2026-09-06T11:05:49.453260+08:00,,173.883,,4531.349,264,3916,85.424221,225769,212395,,,32656,pad,,397696,pad:com.newlinksz.kemi.remote,,633196,,139,,,,
,,2026-09-06T11:05:49.453260+08:00,/Applications/KEMI远程办公.app/Contents/MacOS/KEMI远程办公,12.886,5.1,4531.349,95,,85.424221,,,,,18666,mac,1,,mac:main,,251152,,75,,,,
,,2026-09-06T11:05:49.453260+08:00,/Applications/KEMI远程办公.app/Contents/MacOS/KEMI远程办公 --cm,1.566,1.6,4531.349,45,,85.424221,,,,,18686,mac,18666,,mac:--cm,,107664,,30,,,,
,,2026-09-06T11:06:15+08:00,,9.5,,5151.311,143,20148,85.85,44469,40311,show-hide,,26438,,,111403,KBoard (30s),61,252956,True,51,4,831,,True
,,2026-09-06T11:06:46+08:00,,6.594,,5182.099,142,14436,86.36666666666666,40938,38835,home-resume,,26438,,,104179,KBoard (30s),61,245760,True,51,2,812,,True
131,656,2026-09-06T11:06:51.550342+08:00,,7.612,,4593.446,142,12684,86.45917236666666,40566,38375,,,26438,pad,,102116,pad:com.newlink.kemi.kboard,,243552,,51,,,,
95827,192164,2026-09-06T11:06:51.550342+08:00,,173.953,,4593.446,264,3872,86.45917236666666,225735,211559,,,32656,pad,,396744,pad:com.newlinksz.kemi.remote,,632380,,132,,,,
,,2026-09-06T11:06:51.550342+08:00,/Applications/KEMI远程办公.app/Contents/MacOS/KEMI远程办公,12.996,13.5,4593.446,99,,86.45917236666666,,,,,18666,mac,1,,mac:main,,252192,,74,,,,
,,2026-09-06T11:06:51.550342+08:00,/Applications/KEMI远程办公.app/Contents/MacOS/KEMI远程办公 --cm,1.739,1.3,4593.446,45,,86.45917236666666,,,,,18686,mac,18666,,mac:--cm,,107664,,30,,,,
,,2026-09-06T11:07:17+08:00,,9.086,,5212.803,151,15012,86.88333333333334,40686,40127,relay-recreate,,26438,,,106064,KBoard (30s),61,247636,True,51,2,812,,True
,,2026-09-06T11:07:49+08:00,,7.306,,5244.833,147,20468,87.41666666666667,44237,40331,show-hide,,26438,,,111746,KBoard (30s),62,253320,False,51,4,831,,False
131,656,2026-09-06T11:07:56.459309+08:00,,8.829,,4658.355,114,13392,87.54098848333334,39069,37031,,,26438,pad,,101360,pad:com.newlink.kemi.kboard,,242940,,51,,,,
95865,192240,2026-09-06T11:07:56.459309+08:00,,171.784,,4658.355,264,3908,87.54098848333334,225426,211851,,,32656,pad,,397294,pad:com.newlinksz.kemi.remote,,632860,,136,,,,
,,2026-09-06T11:07:56.459309+08:00,/Applications/KEMI远程办公.app/Contents/MacOS/KEMI远程办公,12.74,6.8,4658.356,95,,87.54098848333334,,,,748646.4,18666,mac,1,,mac:main,,252720,,74,,,vmmap-18666-004657.txt,
,,2026-09-06T11:07:56.459309+08:00,/Applications/KEMI远程办公.app/Contents/MacOS/KEMI远程办公 --cm,1.729,0.8,4658.356,45,,87.54098848333334,,,,89497.6,18686,mac,18666,,mac:--cm,,106128,,30,,,vmmap-18686-004658.txt,
,,2026-09-06T11:08:19+08:00,,9.058,,5275.524,148,14604,87.91666666666667,40917,38903,focus-switch,,26438,,,104446,KBoard (30s),62,246036,True,51,2,812,,True
,,2026-09-06T11:08:50+08:00,,8.669,,5306.438,119,22256,88.43333333333334,44248,40179,relay-recreate,,26438,,,113488,KBoard (30s),62,254992,True,51,4,829,,True
131,656,2026-09-06T11:08:57.930505+08:00,,8.413,,4719.826,143,13308,88.56550841666667,39543,37319,,,26438,pad,,101556,pad:com.newlink.kemi.kboard,,243156,,51,,,,
95865,192240,2026-09-06T11:08:57.930505+08:00,,158.792,,4719.827,264,3884,88.56550841666667,225530,212955,,,32656,pad,,398193,pad:com.newlinksz.kemi.remote,,633868,,132,,,,
,,2026-09-06T11:08:57.930505+08:00,/Applications/KEMI远程办公.app/Contents/MacOS/KEMI远程办公,11.94,7.7,4719.827,95,,88.56550841666667,,,,,18666,mac,1,,mac:main,,261600,,74,,,,
,,2026-09-06T11:08:57.930505+08:00,/Applications/KEMI远程办公.app/Contents/MacOS/KEMI远程办公 --cm,1.753,3.1,4719.827,45,,88.56550841666667,,,,,18686,mac,18666,,mac:--cm,,106128,,30,,,,
,,2026-09-06T11:09:21+08:00,,7.883,,5337.135,143,12648,88.95,39236,37795,home-resume,,26438,,,101373,KBoard (30s),63,242960,True,51,2,811,,True
,,2026-09-06T11:09:52+08:00,,7.215,,5367.905,148,14648,89.46666666666667,40681,38987,focus-switch,,26438,,,104728,KBoard (30s),63,246236,True,51,2,812,,True
131,656,2026-09-06T11:09:59.242974+08:00,,7.908,,4781.139,146,14776,89.5873829,40623,40127,,,26438,pad,,105842,pad:com.newlink.kemi.kboard,,247484,,51,,,,
97395,195300,2026-09-06T11:09:59.242974+08:00,,154.487,,4781.139,264,3896,89.5873829,225819,213027,,,32656,pad,,400006,pad:com.newlinksz.kemi.remote,,637104,,137,,,,
,,2026-09-06T11:09:59.242974+08:00,/Applications/KEMI远程办公.app/Contents/MacOS/KEMI远程办公,12.884,11.0,4781.139,95,,89.5873829,,,,,18666,mac,1,,mac:main,,262384,,75,,,,
,,2026-09-06T11:09:59.242974+08:00,/Applications/KEMI远程办公.app/Contents/MacOS/KEMI远程办公 --cm,1.827,0.4,4781.139,45,,89.5873829,,,,,18686,mac,18666,,mac:--cm,,106128,,30,,,,
,,2026-09-06T11:10:23+08:00,,9.64,,5398.715,147,20208,89.98333333333333,43913,39859,show-hide,,26438,,,110915,KBoard (30s),64,252572,True,51,4,831,,True
,,2026-09-06T11:10:53+08:00,,7.387,,5429.446,147,12700,90.48333333333333,39648,38555,home-resume,,26438,,,102081,KBoard (30s),64,243740,True,51,2,811,,True
131,656,2026-09-06T11:11:00.646422+08:00,,8.028,,4842.542,142,14344,90.6107737,41199,38743,,,26438,pad,,103909,pad:com.newlink.kemi.kboard,,245576,,51,,,,
97413,195336,2026-09-06T11:11:00.646422+08:00,,147.514,,4842.543,264,3848,90.6107737,225471,212627,,,32656,pad,,399339,pad:com.newlinksz.kemi.remote,,636564,,130,,,,
,,2026-09-06T11:11:00.646422+08:00,/Applications/KEMI远程办公.app/Contents/MacOS/KEMI远程办公,12.296,9.0,4842.543,95,,90.6107737,,,,,18666,mac,1,,mac:main,,263200,,75,,,,
,,2026-09-06T11:11:00.646422+08:00,/Applications/KEMI远程办公.app/Contents/MacOS/KEMI远程办公 --cm,2.052,0.3,4842.543,45,,90.6107737,,,,,18686,mac,18666,,mac:--cm,,106128,,30,,,,
,,2026-09-06T11:11:24+08:00,,7.863,,5460.223,147,15004,91.0,40972,40371,relay-recreate,,26438,,,106345,KBoard (30s),64,247888,True,51,2,812,,True
,,2026-09-06T11:11:55+08:00,,8.594,,5491.057,143,20008,91.51666666666667,45207,40759,show-hide,,26438,,,111729,KBoard (30s),65,253280,True,51,4,831,,True
131,656,2026-09-06T11:12:02.026326+08:00,,8.353,,4903.922,147,13420,91.6337721,40290,38319,,,26438,pad,,102712,pad:com.newlink.kemi.kboard,,244236,,51,,,,
97433,195376,2026-09-06T11:12:02.026326+08:00,,160.125,,4903.922,264,3860,91.6337721,225560,212899,,,32656,pad,,399741,pad:com.newlinksz.kemi.remote,,636904,,133,,,,
,,2026-09-06T11:12:02.026326+08:00,/Applications/KEMI远程办公.app/Contents/MacOS/KEMI远程办公,12.056,8.4,4903.922,95,,91.6337721,,,,,18666,mac,1,,mac:main,,264208,,74,,,,
,,2026-09-06T11:12:02.026326+08:00,/Applications/KEMI远程办公.app/Contents/MacOS/KEMI远程办公 --cm,1.841,0.1,4903.923,45,,91.6337721,,,,,18686,mac,18666,,mac:--cm,,105616,,30,,,,
,,2026-09-06T11:12:26+08:00,,7.923,,5521.852,143,14404,92.03333333333333,41204,39523,home-resume,,26438,,,104777,KBoard (30s),65,246436,True,51,2,812,,True
,,2026-09-06T11:12:56+08:00,,8.08,,5552.544,147,15164,92.53333333333333,41292,40247,relay-recreate,,26438,,,106263,KBoard (30s),65,247928,True,51,2,812,,True
131,656,2026-09-06T11:13:07.046650+08:00,,8.124,,4968.942,145,12692,92.71744416666667,41382,39095,,,26438,pad,,102704,pad:com.newlink.kemi.kboard,,244276,,51,,,,
97437,195384,2026-09-06T11:13:07.046650+08:00,,161.617,,4968.943,264,3940,92.71744416666667,226725,214727,,,32656,pad,,401750,pad:com.newlinksz.kemi.remote,,638996,,141,,,,
,,2026-09-06T11:13:07.046650+08:00,/Applications/KEMI远程办公.app/Contents/MacOS/KEMI远程办公,12.222,7.4,4968.943,95,,92.71744416666667,,,,752537.6,18666,mac,1,,mac:main,,264816,,75,,,vmmap-18666-004968.txt,
,,2026-09-06T11:13:07.046650+08:00,/Applications/KEMI远程办公.app/Contents/MacOS/KEMI远程办公 --cm,1.633,0.1,4968.943,45,,92.71744416666667,,,,88985.6,18686,mac,18666,,mac:--cm,,105616,,30,,,vmmap-18686-004968.txt,
,,2026-09-06T11:13:27+08:00,,8.255,,5583.312,147,20180,93.05,44691,40795,show-hide,,26438,,,112035,KBoard (30s),66,253584,False,51,4,831,,False
,,2026-09-06T11:13:58+08:00,,6.872,,5614.163,148,14544,93.56666666666666,40899,39347,focus-switch,,26438,,,104984,KBoard (30s),66,246508,True,51,2,812,,True
131,656,2026-09-06T11:14:08.469189+08:00,,7.802,,5030.358,148,12716,93.74115315,40480,38955,,,26438,pad,,102744,pad:com.newlink.kemi.kboard,,244268,,51,,,,
98979,198468,2026-09-06T11:14:08.469189+08:00,,157.942,,5030.359,264,3932,93.74115315,226770,213519,,,32656,pad,,402086,pad:com.newlinksz.kemi.remote,,640768,,136,,,,
,,2026-09-06T11:14:08.469189+08:00,/Applications/KEMI远程办公.app/Contents/MacOS/KEMI远程办公,12.155,12.3,5030.359,95,,93.74115315,,,,,18666,mac,1,,mac:main,,265888,,74,,,,
,,2026-09-06T11:14:08.469189+08:00,/Applications/KEMI远程办公.app/Contents/MacOS/KEMI远程办公 --cm,1.722,1.4,5030.359,45,,93.74115315,,,,,18686,mac,18666,,mac:--cm,,105680,,30,,,,
,,2026-09-06T11:14:29+08:00,,9.471,,5644.889,151,14972,94.08333333333333,40952,39591,relay-recreate,,26438,,,105502,KBoard (30s),66,247160,True,51,2,812,,True
,,2026-09-06T11:15:00+08:00,,7.276,,5675.536,147,13132,94.6,39631,37447,home-resume,,26438,,,101519,KBoard (30s),67,243184,True,51,2,811,,True
131,656,2026-09-06T11:15:09.744543+08:00,,8.355,,5091.634,147,12704,94.76240905,39433,37511,,,26438,pad,,101155,pad:com.newlink.kemi.kboard,,242808,,51,,,,
99015,198540,2026-09-06T11:15:09.744543+08:00,,156.585,,5091.634,264,3972,94.76240905,226753,214051,,,32656,pad,,402691,pad:com.newlinksz.kemi.remote,,641520,,142,,,,
,,2026-09-06T11:15:09.744543+08:00,/Applications/KEMI远程办公.app/Contents/MacOS/KEMI远程办公,12.925,7.9,5091.634,95,,94.76240905,,,,,18666,mac,1,,mac:main,,266400,,75,,,,
,,2026-09-06T11:15:09.744543+08:00,/Applications/KEMI远程办公.app/Contents/MacOS/KEMI远程办公 --cm,1.55,0.1,5091.634,45,,94.76240905,,,,,18686,mac,18666,,mac:--cm,,105680,,30,,,,
,,2026-09-06T11:15:30+08:00,,8.227,,5706.289,144,14452,95.1,41177,39039,focus-switch,,26438,,,104439,KBoard (30s),67,246104,True,51,2,812,,True
,,2026-09-06T11:16:01+08:00,,7.932,,5737.051,134,22432,95.61666666666666,43968,40043,show-hide,,26438,,,113351,KBoard (30s),68,254984,True,51,4,829,,True
131,656,2026-09-06T11:16:11.024883+08:00,,8.154,,5152.914,147,13252,95.78374805,40048,38059,,,26438,pad,,102239,pad:com.newlink.kemi.kboard,,243808,,51,,,,
99017,198544,2026-09-06T11:16:11.024883+08:00,,149.699,,5152.914,264,3924,95.78374805,226348,213159,,,32656,pad,,401776,pad:com.newlinksz.kemi.remote,,640496,,137,,,,
,,2026-09-06T11:16:11.024883+08:00,/Applications/KEMI远程办公.app/Contents/MacOS/KEMI远程办公,11.766,10.8,5152.914,95,,95.78374805,,,,,18666,mac,1,,mac:main,,267136,,74,,,,
,,2026-09-06T11:16:11.024883+08:00,/Applications/KEMI远程办公.app/Contents/MacOS/KEMI远程办公 --cm,1.697,2.3,5152.914,45,,95.78374805,,,,,18686,mac,18666,,mac:--cm,,106192,,30,,,,
,,2026-09-06T11:16:32+08:00,,8.512,,5767.829,147,12672,96.13333333333334,39520,38435,home-resume,,26438,,,101917,KBoard (30s),68,243588,True,51,2,811,,True
,,2026-09-06T11:17:03+08:00,,8.094,,5798.592,146,16720,96.65,41810,40675,focus-switch,,26438,,,108239,KBoard (30s),68,249900,True,51,2,812,,True
131,656,2026-09-06T11:17:12.952829+08:00,,7.512,,5214.842,145,12788,96.81588048333333,41282,38879,,,26438,pad,,102587,pad:com.newlink.kemi.kboard,,244152,,51,,,,
99025,198560,2026-09-06T11:17:12.952829+08:00,,161.602,,5214.842,264,3916,96.81588048333333,227954,213639,,,32656,pad,,402189,pad:com.newlinksz.kemi.remote,,641020,,139,,,,
,,2026-09-06T11:17:12.952829+08:00,/Applications/KEMI远程办公.app/Contents/MacOS/KEMI远程办公,14.194,7.3,5214.842,98,,96.81588048333333,,,,,18666,mac,1,,mac:main,,252112,,83,,,,
,,2026-09-06T11:17:12.952829+08:00,/Applications/KEMI远程办公.app/Contents/MacOS/KEMI远程办公 --cm,1.696,1.3,5214.842,46,,96.81588048333333,,,,,18686,mac,18666,,mac:--cm,,97296,,29,,,,
,,2026-09-06T11:17:33+08:00,,8.512,,5829.374,143,20092,97.15,45008,40459,show-hide,,26438,,,111446,KBoard (30s),69,253060,True,51,4,831,,True
,,2026-09-06T11:18:04+08:00,,6.851,,5860.172,142,13612,97.66666666666667,41086,38919,home-resume,,26438,,,103500,KBoard (30s),69,245024,False,51,2,812,,False
131,656,2026-09-06T11:18:17.898277+08:00,,7.95,,5279.787,148,13576,97.89830461666666,40904,38771,,,26438,pad,,103167,pad:com.newlink.kemi.kboard,,244828,,51,,,,
99025,198560,2026-09-06T11:18:17.898277+08:00,,166.56,,5279.788,264,3884,97.89830461666666,225854,212463,,,32656,pad,,400996,pad:com.newlinksz.kemi.remote,,639728,,133,,,,
,,2026-09-06T11:18:17.898277+08:00,/Applications/KEMI远程办公.app/Contents/MacOS/KEMI远程办公,16.131,11.4,5279.788,95,,97.89830461666666,,,,873676.8,18666,mac,1,,mac:main,,246192,,78,,,vmmap-18666-005279.txt,
,,2026-09-06T11:18:17.898277+08:00,/Applications/KEMI远程办公.app/Contents/MacOS/KEMI远程办公 --cm,1.417,0.2,5279.788,45,,97.89830461666666,,,,84582.4,18686,mac,18666,,mac:--cm,,101264,,30,,,vmmap-18686-005279.txt,
,,2026-09-06T11:18:35+08:00,,8.726,,5890.885,151,14936,98.18333333333334,40861,40055,relay-recreate,,26438,,,105929,KBoard (30s),69,247596,True,51,2,812,,True
,,2026-09-06T11:19:06+08:00,,8.68,,5921.76,147,20356,98.7,44112,40071,show-hide,,26438,,,111524,KBoard (30s),70,253048,False,51,4,831,,False
131,656,2026-09-06T11:19:18.979563+08:00,,8.662,,5340.868,147,12644,98.91632605,39615,38167,,,26438,pad,,101753,pad:com.newlink.kemi.kboard,,243408,,51,,,,
99025,198560,2026-09-06T11:19:18.979563+08:00,,160.367,,5340.869,264,3968,98.91632605,227278,213935,,,32656,pad,,402541,pad:com.newlinksz.kemi.remote,,641384,,138,,,,
,,2026-09-06T11:19:18.979563+08:00,/Applications/KEMI远程办公.app/Contents/MacOS/KEMI远程办公,14.109,7.1,5340.869,96,,98.91632605,,,,,18666,mac,1,,mac:main,,266336,,75,,,,
,,2026-09-06T11:19:18.979563+08:00,/Applications/KEMI远程办公.app/Contents/MacOS/KEMI远程办公 --cm,1.812,2.3,5340.869,45,,98.91632605,,,,,18686,mac,18666,,mac:--cm,,99584,,30,,,,
,,2026-09-06T11:19:36+08:00,,6.865,,5952.496,144,14496,99.2,40810,38735,focus-switch,,26438,,,104266,KBoard (30s),70,245844,True,51,2,812,,True
,,2026-09-06T11:20:07+08:00,,8.734,,5983.297,151,15072,99.71666666666667,40830,40107,relay-recreate,,26438,,,106272,KBoard (30s),70,247796,True,51,2,812,,True
131,656,2026-09-06T11:20:20.095375+08:00,,8.148,,5401.984,143,20072,99.93492291666666,43880,39603,,,26438,pad,,110630,pad:com.newlink.kemi.kboard,,252284,,51,,,,
99025,198560,2026-09-06T11:20:20.095375+08:00,,164.466,,5401.984,264,3972,99.93492291666666,227201,214071,,,32656,pad,,402760,pad:com.newlinksz.kemi.remote,,641600,,144,,,,
,,2026-09-06T11:20:20.095375+08:00,/Applications/KEMI远程办公.app/Contents/MacOS/KEMI远程办公,14.186,12.0,5401.984,98,,99.93492291666666,,,,,18666,mac,1,,mac:main,,252080,,85,,,,
,,2026-09-06T11:20:20.095375+08:00,/Applications/KEMI远程办公.app/Contents/MacOS/KEMI远程办公 --cm,1.963,0.7,5401.984,46,,99.93492291666666,,,,,18686,mac,18666,,mac:--cm,,95568,,30,,,,
,,2026-09-06T11:20:38+08:00,,7.968,,6013.921,115,12572,100.23333333333333,38926,37883,home-resume,,26438,,,101424,KBoard (30s),71,243064,True,51,2,811,,True
,,2026-09-06T11:21:09+08:00,,6.851,,6044.575,144,14672,100.75,41069,38963,focus-switch,,26438,,,104685,KBoard (30s),71,246252,True,51,2,812,,True
131,656,2026-09-06T11:21:21.267162+08:00,,7.437,,5463.156,145,14904,100.9544527,40788,40383,,,26438,pad,,106249,pad:com.newlink.kemi.kboard,,247908,,51,,,,
99025,198560,2026-09-06T11:21:21.267162+08:00,,113.472,,5463.156,264,3928,100.9544527,228284,214735,,,32656,pad,,403278,pad:com.newlinksz.kemi.remote,,642152,,137,,,,
,,2026-09-06T11:21:21.267162+08:00,/Applications/KEMI远程办公.app/Contents/MacOS/KEMI远程办公,10.887,3.5,5463.156,98,,100.9544527,,,,,18666,mac,1,,mac:main,,267824,,76,,,,
,,2026-09-06T11:21:21.267162+08:00,/Applications/KEMI远程办公.app/Contents/MacOS/KEMI远程办公 --cm,1.733,0.3,5463.156,46,,100.9544527,,,,,18686,mac,18666,,mac:--cm,,99344,,30,,,,
,,2026-09-06T11:21:39+08:00,,8.948,,6075.531,140,20028,101.25,43331,39347,relay-recreate,,26438,,,110322,KBoard (30s),71,251992,True,51,4,829,,True
,,2026-09-06T11:22:10+08:00,,6.603,,6106.276,147,12652,101.76666666666667,39267,38247,home-resume,,26438,,,101831,KBoard (30s),72,243492,True,51,2,811,,True
131,656,2026-09-06T11:22:23.311199+08:00,,7.397,,5525.2,140,14432,101.98851998333333,41075,38459,,,26438,pad,,103934,pad:com.newlink.kemi.kboard,,245504,,51,,,,
99025,198560,2026-09-06T11:22:23.311199+08:00,,94.723,,5525.2,264,3876,101.98851998333333,227460,214603,,,32656,pad,,402968,pad:com.newlinksz.kemi.remote,,641872,,130,,,,
,,2026-09-06T11:22:23.311199+08:00,/Applications/KEMI远程办公.app/Contents/MacOS/KEMI远程办公,8.897,15.1,5525.2,98,,101.98851998333333,,,,,18666,mac,1,,mac:main,,271392,,82,,,,
,,2026-09-06T11:22:23.311199+08:00,/Applications/KEMI远程办公.app/Contents/MacOS/KEMI远程办公 --cm,2.015,0.1,5525.2,46,,101.98851998333333,,,,,18686,mac,18666,,mac:--cm,,103184,,30,,,,
,,2026-09-06T11:22:41+08:00,,8.003,,6137.013,188,13804,102.28333333333333,41864,39467,focus-switch,,26438,,,104360,KBoard (30s),72,245884,False,51,2,812,,False
,,2026-09-06T11:23:12+08:00,,7.923,,6167.81,143,21376,102.8,44671,40399,show-hide,,26438,,,112815,KBoard (30s),73,254392,True,51,4,831,,True
131,656,2026-09-06T11:23:28.411763+08:00,,8.116,,5590.3,147,13504,103.07352938333334,39999,38047,,,26438,pad,,102644,pad:com.newlink.kemi.kboard,,244168,,51,,,,
99031,198572,2026-09-06T11:23:28.411763+08:00,,161.279,,5590.3,264,3924,103.07352938333334,230923,215459,,,32656,pad,,404037,pad:com.newlinksz.kemi.remote,,642868,,135,,,,
,,2026-09-06T11:23:28.411763+08:00,/Applications/KEMI远程办公.app/Contents/MacOS/KEMI远程办公,16.286,23.0,5590.301,99,,103.07352938333334,,,,864358.4,18666,mac,1,,mac:main,,262272,,91,,,vmmap-18666-005589.txt,
,,2026-09-06T11:23:28.411763+08:00,/Applications/KEMI远程办公.app/Contents/MacOS/KEMI远程办公 --cm,1.661,0.1,5590.301,46,,103.07352938333334,,,,88268.8,18686,mac,18666,,mac:--cm,,106704,,30,,,vmmap-18686-005590.txt,
,,2026-09-06T11:23:43+08:00,,8.692,,6198.871,144,13408,103.31666666666666,41357,39039,home-resume,,26438,,,103540,KBoard (30s),73,245064,False,51,2,812,,False
,,2026-09-06T11:24:14+08:00,,7.23,,6229.578,143,12804,103.83333333333333,40466,39763,relay-recreate,,26438,,,103669,KBoard (30s),73,245324,True,51,2,812,,True
131,656,2026-09-06T11:24:29.919366+08:00,,8.648,,5651.808,140,20004,104.0986561,43498,39235,,,26438,pad,,110195,pad:com.newlink.kemi.kboard,,251860,,51,,,,
99031,198572,2026-09-06T11:24:29.919366+08:00,,160.842,,5651.808,264,4024,104.0986561,226959,214215,,,32656,pad,,402935,pad:com.newlinksz.kemi.remote,,641844,,142,,,,
,,2026-09-06T11:24:29.919366+08:00,/Applications/KEMI远程办公.app/Contents/MacOS/KEMI远程办公,18.174,43.1,5651.808,98,,104.0986561,,,,,18666,mac,1,,mac:main,,282608,,82,,,,
,,2026-09-06T11:24:29.919366+08:00,/Applications/KEMI远程办公.app/Contents/MacOS/KEMI远程办公 --cm,1.543,0.1,5651.808,46,,104.0986561,,,,,18686,mac,18666,,mac:--cm,,106704,,30,,,,
,,2026-09-06T11:24:44+08:00,,10.064,,6260.28,147,13340,104.33333333333333,40029,37615,show-hide,,26438,,,101911,KBoard (30s),74,243564,True,51,2,811,,True
,,2026-09-06T11:25:15+08:00,,5.883,,6291.047,142,14516,104.85,40922,38755,focus-switch,,26438,,,104364,KBoard (30s),74,245888,True,51,2,812,,True
131,656,2026-09-06T11:25:31.317009+08:00,,7.387,,5713.205,148,12748,105.12195015,40687,39011,,,26438,pad,,102844,pad:com.newlink.kemi.kboard,,244368,,51,,,,
99031,198572,2026-09-06T11:25:31.317009+08:00,,166.076,,5713.206,264,3940,105.12195015,227234,212627,,,32656,pad,,401258,pad:com.newlinksz.kemi.remote,,640060,,136,,,,
,,2026-09-06T11:25:31.317009+08:00,/Applications/KEMI远程办公.app/Contents/MacOS/KEMI远程办公,17.867,8.5,5713.206,96,,105.12195015,,,,,18666,mac,1,,mac:main,,260736,,80,,,,
,,2026-09-06T11:25:31.317009+08:00,/Applications/KEMI远程办公.app/Contents/MacOS/KEMI远程办公 --cm,1.352,0.0,5713.206,45,,105.12195015,,,,,18686,mac,18666,,mac:--cm,,105840,,29,,,,
,,2026-09-06T11:25:46+08:00,,9.185,,6321.859,151,14924,105.36666666666666,40915,39995,relay-recreate,,26438,,,105868,KBoard (30s),74,247528,True,51,2,812,,True
,,2026-09-06T11:26:17+08:00,,7.573,,6353.021,147,20460,105.88333333333334,44190,40103,show-hide,,26438,,,111433,KBoard (30s),75,253092,False,51,4,831,,False
131,656,2026-09-06T11:26:32.515876+08:00,,8.781,,5774.404,147,13504,106.14193126666667,39291,38307,,,26438,pad,,102778,pad:com.newlink.kemi.kboard,,244420,,51,,,,
99031,198572,2026-09-06T11:26:32.515876+08:00,,159.301,,5774.404,264,3952,106.14193126666667,228100,214499,,,32656,pad,,403060,pad:com.newlinksz.kemi.remote,,641972,,138,,,,
,,2026-09-06T11:26:32.515876+08:00,/Applications/KEMI远程办公.app/Contents/MacOS/KEMI远程办公,15.752,12.5,5774.405,99,,106.14193126666667,,,,,18666,mac,1,,mac:main,,250544,,82,,,,
,,2026-09-06T11:26:32.515876+08:00,/Applications/KEMI远程办公.app/Contents/MacOS/KEMI远程办公 --cm,1.601,0.5,5774.405,46,,106.14193126666667,,,,,18686,mac,18666,,mac:--cm,,94064,,30,,,,
,,2026-09-06T11:26:48+08:00,,8.536,,6383.715,144,14500,106.4,40744,38595,focus-switch,,26438,,,104055,KBoard (30s),75,245708,True,51,2,812,,True
,,2026-09-06T11:27:19+08:00,,8.862,,6414.632,126,22044,106.91666666666667,44061,39555,relay-recreate,,26438,,,112719,KBoard (30s),75,254252,True,51,4,829,,True
131,656,2026-09-06T11:27:33.803114+08:00,,8.129,,5835.691,147,13340,107.16338523333334,39645,37683,,,26438,pad,,101971,pad:com.newlink.kemi.kboard,,243652,,51,,,,
99031,198572,2026-09-06T11:27:33.803114+08:00,,159.364,,5835.691,264,3880,107.16338523333334,227774,213195,,,32656,pad,,401705,pad:com.newlinksz.kemi.remote,,640508,,132,,,,
,,2026-09-06T11:27:33.803114+08:00,/Applications/KEMI远程办公.app/Contents/MacOS/KEMI远程办公,16.905,6.6,5835.692,100,,107.16338523333334,,,,,18666,mac,1,,mac:main,,246208,,85,,,,
,,2026-09-06T11:27:33.803114+08:00,/Applications/KEMI远程办公.app/Contents/MacOS/KEMI远程办公 --cm,1.191,0.0,5835.692,46,,107.16338523333334,,,,,18686,mac,18666,,mac:--cm,,97856,,30,,,,
,,2026-09-06T11:27:49+08:00,,7.023,,6445.533,147,12604,107.41666666666667,39086,38063,home-resume,,26438,,,101744,KBoard (30s),76,243276,True,51,2,811,,True
,,2026-09-06T11:28:20+08:00,,7.732,,6476.314,148,14628,107.93333333333334,40629,38875,focus-switch,,26438,,,104600,KBoard (30s),76,246132,True,51,2,812,,True
131,656,2026-09-06T11:28:39.099238+08:00,,7.323,,5900.987,150,14976,108.25165396666667,41115,39515,,,26438,pad,,105547,pad:com.newlink.kemi.kboard,,247132,,51,,,,
99031,198572,2026-09-06T11:28:39.099238+08:00,,155.384,,5900.988,264,3928,108.25165396666667,227709,215839,,,32656,pad,,404396,pad:com.newlinksz.kemi.remote,,643308,,139,,,,
,,2026-09-06T11:28:39.099238+08:00,/Applications/KEMI远程办公.app/Contents/MacOS/KEMI远程办公,16.755,9.8,5900.988,98,,108.25165396666667,,,,830771.2,18666,mac,1,,mac:main,,234912,,86,,,vmmap-18666-005900.txt,
,,2026-09-06T11:28:39.099238+08:00,/Applications/KEMI远程办公.app/Contents/MacOS/KEMI远程办公 --cm,1.254,0.0,5900.988,46,,108.25165396666667,,,,84275.2,18686,mac,18666,,mac:--cm,,101840,,30,,,vmmap-18686-005900.txt,
,,2026-09-06T11:28:51+08:00,,8.918,,6507.039,147,19856,108.45,43497,39651,show-hide,,26438,,,110494,KBoard (30s),77,252168,True,51,4,831,,True
,,2026-09-06T11:29:22+08:00,,7.749,,6537.753,147,12708,108.96666666666667,39357,37583,home-resume,,26438,,,101258,KBoard (30s),77,242936,True,51,2,811,,True
131,656,2026-09-06T11:29:41.191803+08:00,,7.766,,5963.081,148,14492,109.28653005,40970,38763,,,26438,pad,,104364,pad:com.newlink.kemi.kboard,,245908,,51,,,,
99031,198572,2026-09-06T11:29:41.191803+08:00,,152.087,,5963.081,264,3928,109.28653005,227917,214159,,,32656,pad,,402634,pad:com.newlinksz.kemi.remote,,641544,,134,,,,
,,2026-09-06T11:29:41.191803+08:00,/Applications/KEMI远程办公.app/Contents/MacOS/KEMI远程办公,15.602,13.4,5963.081,98,,109.28653005,,,,,18666,mac,1,,mac:main,,240480,,79,,,,
,,2026-09-06T11:29:41.191803+08:00,/Applications/KEMI远程办公.app/Contents/MacOS/KEMI远程办公 --cm,1.21,0.1,5963.081,46,,109.28653005,,,,,18686,mac,18666,,mac:--cm,,105712,,30,,,,
,,2026-09-06T11:29:52+08:00,,7.968,,6568.501,144,14876,109.46666666666667,40508,39723,relay-recreate,,26438,,,105699,KBoard (30s),77,247268,True,51,2,812,,True
,,2026-09-06T11:30:23+08:00,,8.565,,6599.324,147,20200,109.98333333333333,44311,40211,show-hide,,26438,,,111420,KBoard (30s),78,252968,True,51,4,831,,True
131,656,2026-09-06T11:30:42.646305+08:00,,8.568,,6024.535,147,12652,110.31077175,39614,37735,,,26438,pad,,101227,pad:com.newlink.kemi.kboard,,242920,,51,,,,
99031,198572,2026-09-06T11:30:42.646305+08:00,,170.909,,6024.536,264,3916,110.31077175,227406,217327,,,32656,pad,,405917,pad:com.newlinksz.kemi.remote,,644720,,135,,,,
,,2026-09-06T11:30:42.646305+08:00,/Applications/KEMI远程办公.app/Contents/MacOS/KEMI远程办公,16.37,11.4,6024.536,98,,110.31077175,,,,,18666,mac,1,,mac:main,,234656,,79,,,,
,,2026-09-06T11:30:42.646305+08:00,/Applications/KEMI远程办公.app/Contents/MacOS/KEMI远程办公 --cm,1.22,0.6,6024.536,46,,110.31077175,,,,,18686,mac,18666,,mac:--cm,,108208,,30,,,,
,,2026-09-06T11:30:54+08:00,,7.569,,6630.108,142,14416,110.5,40873,38751,home-resume,,26438,,,104054,KBoard (30s),78,245724,True,51,2,812,,True
,,2026-09-06T11:31:25+08:00,,7.906,,6660.845,147,15124,111.01666666666667,41446,40495,relay-recreate,,26438,,,106478,KBoard (30s),78,248168,True,51,2,812,,True
131,656,2026-09-06T11:31:44.404282+08:00,,8.135,,6086.293,143,20156,111.34007136666668,44666,40167,,,26438,pad,,111296,pad:com.newlink.kemi.kboard,,252888,,51,,,,
99031,198572,2026-09-06T11:31:44.404282+08:00,,168.746,,6086.294,264,3984,111.34007136666668,226970,214759,,,32656,pad,,403453,pad:com.newlinksz.kemi.remote,,642364,,144,,,,
,,2026-09-06T11:31:44.404282+08:00,/Applications/KEMI远程办公.app/Contents/MacOS/KEMI远程办公,18.977,11.9,6086.294,98,,111.34007136666668,,,,,18666,mac,1,,mac:main,,236384,,84,,,,
,,2026-09-06T11:31:44.404282+08:00,/Applications/KEMI远程办公.app/Contents/MacOS/KEMI远程办公 --cm,1.344,0.9,6086.294,46,,111.34007136666668,,,,,18686,mac,18666,,mac:--cm,,108048,,30,,,,
,,2026-09-06T11:31:57+08:00,,8.279,,6692.854,147,13460,111.55,39926,37891,show-hide,,26438,,,102260,KBoard (30s),79,243904,False,51,2,811,,False
,,2026-09-06T11:32:28+08:00,,7.326,,6723.568,141,14828,112.06666666666666,41456,39183,focus-switch,,26438,,,104887,KBoard (30s),79,246564,True,51,2,812,,True
131,656,2026-09-06T11:32:45.587150+08:00,,7.775,,6147.476,145,14944,112.35978583333333,40758,40339,,,26438,pad,,106155,pad:com.newlink.kemi.kboard,,247836,,51,,,,
99031,198572,2026-09-06T11:32:45.587150+08:00,,175.248,,6147.476,264,3956,112.35978583333333,226864,213955,,,32656,pad,,402518,pad:com.newlinksz.kemi.remote,,641432,,138,,,,
,,2026-09-06T11:32:45.587150+08:00,/Applications/KEMI远程办公.app/Contents/MacOS/KEMI远程办公,19.385,14.0,6147.476,98,,112.35978583333333,,,,,18666,mac,1,,mac:main,,241232,,78,,,,
,,2026-09-06T11:32:45.587150+08:00,/Applications/KEMI远程办公.app/Contents/MacOS/KEMI远程办公 --cm,1.34,0.1,6147.476,46,,112.35978583333333,,,,,18686,mac,18666,,mac:--cm,,108048,,30,,,,
,,2026-09-06T11:32:58+08:00,,8.973,,6754.439,149,12756,112.56666666666666,40790,39095,relay-recreate,,26438,,,102840,KBoard (30s),79,244388,True,51,2,812,,False
,,2026-09-06T11:33:29+08:00,,7.468,,6785.237,147,13160,113.08333333333333,39471,37603,home-resume,,26438,,,101617,KBoard (30s),80,243316,True,51,2,811,,True
131,656,2026-09-06T11:33:50.457934+08:00,,8.059,,6212.347,142,14480,113.44096556666666,40699,38707,,,26438,pad,,104079,pad:com.newlink.kemi.kboard,,245764,,52,,,,
99037,198584,2026-09-06T11:33:50.457934+08:00,,174.901,,6212.347,264,3876,113.44096556666666,227089,215243,,,32656,pad,,403743,pad:com.newlinksz.kemi.remote,,642552,,131,,,,
,,2026-09-06T11:33:50.457934+08:00,/Applications/KEMI远程办公.app/Contents/MacOS/KEMI远程办公,16.374,4.9,6212.347,98,,113.44096556666666,,,,847769.6,18666,mac,1,,mac:main,,234816,,86,,,vmmap-18666-006211.txt,
,,2026-09-06T11:33:50.457934+08:00,/Applications/KEMI远程办公.app/Contents/MacOS/KEMI远程办公 --cm,1.263,0.1,6212.347,46,,113.44096556666666,,,,90624.0,18686,mac,18666,,mac:--cm,,108048,,30,,,vmmap-18686-006212.txt,
,,2026-09-06T11:34:00+08:00,,8.666,,6815.933,148,12788,113.6,41156,38947,focus-switch,,26438,,,102718,KBoard (30s),80,244408,True,52,2,812,,True
,,2026-09-06T11:34:31+08:00,,7.611,,6846.809,141,22108,114.11666666666666,44221,40295,show-hide,,26438,,,113413,KBoard (30s),81,255096,True,52,4,829,,True
131,656,2026-09-06T11:34:51.932977+08:00,,8.115,,6273.822,112,12576,114.46554961666668,39892,37931,,,26438,pad,,101640,pad:com.newlink.kemi.kboard,,243192,,52,,,,
99037,198584,2026-09-06T11:34:51.932977+08:00,,167.68,,6273.822,264,3896,114.46554961666668,226262,214011,,,32656,pad,,402412,pad:com.newlinksz.kemi.remote,,641324,,131,,,,
,,2026-09-06T11:34:51.932977+08:00,/Applications/KEMI远程办公.app/Contents/MacOS/KEMI远程办公,15.655,7.7,6273.822,98,,114.46554961666668,,,,,18666,mac,1,,mac:main,,243552,,80,,,,
,,2026-09-06T11:34:51.932977+08:00,/Applications/KEMI远程办公.app/Contents/MacOS/KEMI远程办公 --cm,1.351,1.7,6273.822,46,,114.46554961666668,,,,,18686,mac,18666,,mac:--cm,,107696,,30,,,,
,,2026-09-06T11:35:01+08:00,,8.655,,6877.542,147,12700,114.61666666666666,39255,37663,home-resume,,26438,,,101351,KBoard (30s),81,243032,True,52,2,811,,True
,,2026-09-06T11:35:32+08:00,,7.264,,6908.517,179,16728,115.13333333333334,42803,39943,focus-switch,,26438,,,107790,KBoard (30s),81,249368,True,52,2,812,,True
131,656,2026-09-06T11:35:53.572698+08:00,,8.506,,6335.461,135,19904,115.4928783,44161,40083,,,26438,pad,,110984,pad:com.newlink.kemi.kboard,,252680,,52,,,,
99037,198584,2026-09-06T11:35:53.572698+08:00,,163.512,,6335.462,264,4004,115.4928783,226106,213423,,,32656,pad,,402126,pad:com.newlinksz.kemi.remote,,641048,,142,,,,
,,2026-09-06T11:35:53.572698+08:00,/Applications/KEMI远程办公.app/Contents/MacOS/KEMI远程办公,15.801,8.0,6335.462,98,,115.4928783,,,,,18666,mac,1,,mac:main,,236768,,83,,,,
,,2026-09-06T11:35:53.572698+08:00,/Applications/KEMI远程办公.app/Contents/MacOS/KEMI远程办公 --cm,1.379,0.8,6335.462,46,,115.4928783,,,,,18686,mac,18666,,mac:--cm,,107696,,30,,,,
,,2026-09-06T11:36:03+08:00,,8.912,,6939.375,147,13304,115.65,40444,38191,show-hide,,26438,,,102589,KBoard (30s),82,244184,True,52,2,811,,True
,,2026-09-06T11:36:34+08:00,,6.935,,6970.232,142,13600,116.16666666666667,41149,39163,home-resume,,26438,,,103892,KBoard (30s),82,245444,False,52,2,811,,False
131,656,2026-09-06T11:36:54.784166+08:00,,7.755,,6396.673,188,14636,116.51306943333334,42600,39851,,,26438,pad,,105620,pad:com.newlink.kemi.kboard,,247172,,52,,,,
99037,198584,2026-09-06T11:36:54.784166+08:00,,165.382,,6396.673,264,3944,116.51306943333334,226099,213755,,,32656,pad,,402399,pad:com.newlinksz.kemi.remote,,641208,,136,,,,
,,2026-09-06T11:36:54.784166+08:00,/Applications/KEMI远程办公.app/Contents/MacOS/KEMI远程办公,15.063,11.7,6396.673,99,,116.51306943333334,,,,,18666,mac,1,,mac:main,,238544,,81,,,,
,,2026-09-06T11:36:54.784166+08:00,/Applications/KEMI远程办公.app/Contents/MacOS/KEMI远程办公 --cm,1.34,0.0,6396.673,46,,116.51306943333334,,,,,18686,mac,18666,,mac:--cm,,90944,,30,,,,
,,2026-09-06T11:37:05+08:00,,8.606,,7001.026,149,13924,116.68333333333334,40657,40227,relay-recreate,,26438,,,105132,KBoard (30s),82,246828,True,52,2,812,,True
,,2026-09-06T11:37:36+08:00,,8.237,,7031.742,147,20340,117.2,44308,40303,show-hide,,26438,,,111784,KBoard (30s),83,253336,False,52,4,831,,False
131,656,2026-09-06T11:37:56.027391+08:00,,8.136,,6457.916,147,12696,117.53378984999999,39479,37899,,,26438,pad,,101587,pad:com.newlink.kemi.kboard,,243276,,52,,,,
99037,198584,2026-09-06T11:37:56.027391+08:00,,165.593,,6457.916,264,3948,117.53378984999999,226202,214279,,,32656,pad,,402923,pad:com.newlinksz.kemi.remote,,641732,,136,,,,
,,2026-09-06T11:37:56.027391+08:00,/Applications/KEMI远程办公.app/Contents/MacOS/KEMI远程办公,15.74,10.3,6457.916,98,,117.53378984999999,,,,,18666,mac,1,,mac:main,,247312,,82,,,,
,,2026-09-06T11:37:56.027391+08:00,/Applications/KEMI远程办公.app/Contents/MacOS/KEMI远程办公 --cm,1.29,0.8,6457.916,46,,117.53378984999999,,,,,18686,mac,18666,,mac:--cm,,89344,,30,,,,
,,2026-09-06T11:38:06+08:00,,6.754,,7062.539,141,14476,117.7,40976,38775,focus-switch,,26438,,,104356,KBoard (30s),83,245940,True,52,2,812,,True
,,2026-09-06T11:38:38+08:00,,9.397,,7093.612,151,15060,118.23333333333333,40646,40103,relay-recreate,,26438,,,106173,KBoard (30s),83,247864,True,52,2,812,,True
131,656,2026-09-06T11:39:00.968973+08:00,,8.43,,6522.858,147,20136,118.61614955,44013,39991,,,26438,pad,,111127,pad:com.newlink.kemi.kboard,,252820,,52,,,,
99037,198584,2026-09-06T11:39:00.968973+08:00,,170.835,,6522.858,264,4024,118.61614955,226579,213903,,,32656,pad,,402825,pad:com.newlinksz.kemi.remote,,641636,,147,,,,
,,2026-09-06T11:39:00.968973+08:00,/Applications/KEMI远程办公.app/Contents/MacOS/KEMI远程办公,14.896,6.3,6522.858,98,,118.61614955,,,,850739.2,18666,mac,1,,mac:main,,247024,,79,,,vmmap-18666-006522.txt,
,,2026-09-06T11:39:00.968973+08:00,/Applications/KEMI远程办公.app/Contents/MacOS/KEMI远程办公 --cm,1.339,0.1,6522.858,46,,118.61614955,,,,89804.8,18686,mac,18666,,mac:--cm,,88864,,30,,,vmmap-18686-006522.txt,
,,2026-09-06T11:39:08+08:00,,7.925,,7124.273,114,12584,118.73333333333333,39172,38199,home-resume,,26438,,,101787,KBoard (30s),84,243476,True,52,2,811,,True
,,2026-09-06T11:39:39+08:00,,8.031,,7155.029,148,14668,119.25,41118,38871,focus-switch,,26438,,,104542,KBoard (30s),84,246240,True,52,2,812,,True
131,656,2026-09-06T11:40:02.195188+08:00,,7.75,,6584.084,151,14996,119.63658646666666,41282,39807,,,26438,pad,,105810,pad:com.newlink.kemi.kboard,,247512,,52,,,,
99037,198584,2026-09-06T11:40:02.195188+08:00,,154.563,,6584.084,264,4004,119.63658646666666,226575,213279,,,32656,pad,,401969,pad:com.newlinksz.kemi.remote,,640888,,141,,,,
,,2026-09-06T11:40:02.195188+08:00,/Applications/KEMI远程办公.app/Contents/MacOS/KEMI远程办公,14.027,11.5,6584.084,98,,119.63658646666666,,,,,18666,mac,1,,mac:main,,244864,,83,,,,
,,2026-09-06T11:40:02.195188+08:00,/Applications/KEMI远程办公.app/Contents/MacOS/KEMI远程办公 --cm,1.291,0.1,6584.084,46,,119.63658646666666,,,,,18686,mac,18666,,mac:--cm,,88864,,30,,,,
,,2026-09-06T11:40:10+08:00,,9.063,,7185.705,136,19996,119.76666666666667,43695,39623,show-hide,,26438,,,110593,KBoard (30s),85,252212,True,52,4,829,,True
,,2026-09-06T11:40:40+08:00,,7.294,,7216.414,143,12680,120.26666666666667,39823,38143,home-resume,,26438,,,101708,KBoard (30s),85,243400,True,52,2,811,,True
131,656,2026-09-06T11:41:04.148758+08:00,,7.452,,6646.037,144,14584,120.66914596666668,41194,38815,,,26438,pad,,104409,pad:com.newlink.kemi.kboard,,246000,,52,,,,
99037,198584,2026-09-06T11:41:04.148758+08:00,,149.878,,6646.038,264,3896,120.66914596666668,226843,212051,,,32656,pad,,400501,pad:com.newlinksz.kemi.remote,,639420,,134,,,,
,,2026-09-06T11:41:04.148758+08:00,/Applications/KEMI远程办公.app/Contents/MacOS/KEMI远程办公,13.881,12.9,6646.038,98,,120.66914596666668,,,,,18666,mac,1,,mac:main,,240912,,79,,,,
,,2026-09-06T11:41:04.148758+08:00,/Applications/KEMI远程办公.app/Contents/MacOS/KEMI远程办公 --cm,1.307,0.5,6646.038,46,,120.66914596666668,,,,,18686,mac,18666,,mac:--cm,,88864,,30,,,,
,,2026-09-06T11:41:11+08:00,,8.127,,7247.175,190,13840,120.78333333333333,41771,39359,focus-switch,,26438,,,104230,KBoard (30s),85,245792,False,52,2,812,,False
,,2026-09-06T11:41:42+08:00,,8.183,,7277.969,147,20992,121.3,44556,40583,show-hide,,26438,,,112480,KBoard (30s),86,254184,True,52,4,831,,True
131,656,2026-09-06T11:42:05.438305+08:00,,8.329,,6707.327,147,12660,121.69063841666666,39504,38463,,,26438,pad,,102142,pad:com.newlink.kemi.kboard,,243708,,52,,,,
99037,198584,2026-09-06T11:42:05.438305+08:00,,165.783,,6707.327,264,3888,121.69063841666666,227073,213083,,,32656,pad,,401582,pad:com.newlinksz.kemi.remote,,640444,,134,,,,
,,2026-09-06T11:42:05.438305+08:00,/Applications/KEMI远程办公.app/Contents/MacOS/KEMI远程办公,14.554,38.9,6707.327,98,,121.69063841666666,,,,,18666,mac,1,,mac:main,,252240,,81,,,,
,,2026-09-06T11:42:05.438305+08:00,/Applications/KEMI远程办公.app/Contents/MacOS/KEMI远程办公 --cm,1.305,1.2,6707.327,46,,121.69063841666666,,,,,18686,mac,18666,,mac:--cm,,88864,,30,,,,
,,2026-09-06T11:42:13+08:00,,7.937,,7308.711,142,13480,121.81666666666666,40619,38491,home-resume,,26438,,,102998,KBoard (30s),86,244564,False,52,2,812,,False
,,2026-09-06T11:42:43+08:00,,7.016,,7339.499,145,12696,122.31666666666666,40866,39727,relay-recreate,,26438,,,103528,KBoard (30s),86,245140,True,52,2,812,,True
131,656,2026-09-06T11:43:06.729480+08:00,,8.346,,6768.618,149,20156,122.712158,44489,40083,,,26438,pad,,111237,pad:com.newlink.kemi.kboard,,252852,,52,,,,
99039,198588,2026-09-06T11:43:06.729480+08:00,,164.391,,6768.618,264,3972,122.712158,227110,215479,,,32656,pad,,404185,pad:com.newlinksz.kemi.remote,,643104,,144,,,,
,,2026-09-06T11:43:06.729480+08:00,/Applications/KEMI远程办公.app/Contents/MacOS/KEMI远程办公,15.581,17.7,6768.618,102,,122.712158,,,,,18666,mac,1,,mac:main,,246240,,81,,,,
,,2026-09-06T11:43:06.729480+08:00,/Applications/KEMI远程办公.app/Contents/MacOS/KEMI远程办公 --cm,1.305,0.1,6768.618,46,,122.712158,,,,,18686,mac,18666,,mac:--cm,,88864,,30,,,,
,,2026-09-06T11:43:14+08:00,,9.92,,7370.346,147,13184,122.83333333333333,40131,38343,show-hide,,26438,,,102554,KBoard (30s),87,244120,False,52,2,811,,False
,,2026-09-06T11:43:45+08:00,,5.855,,7401.091,142,14504,123.35,41218,39075,focus-switch,,26438,,,104585,KBoard (30s),87,246296,True,52,2,812,,True
131,656,2026-09-06T11:44:11.593045+08:00,,7.666,,6833.481,146,14976,123.79321741666666,41056,40439,,,26438,pad,,106437,pad:com.newlink.kemi.kboard,,248136,,52,,,,
99039,198588,2026-09-06T11:44:11.593045+08:00,,160.995,,6833.482,264,3936,123.79321741666666,227218,215811,,,32656,pad,,404365,pad:com.newlinksz.kemi.remote,,643288,,137,,,,
,,2026-09-06T11:44:11.593045+08:00,/Applications/KEMI远程办公.app/Contents/MacOS/KEMI远程办公,15.301,7.4,6833.482,98,,123.79321741666666,,,,854220.8,18666,mac,1,,mac:main,,248016,,79,,,vmmap-18666-006832.txt,
,,2026-09-06T11:44:11.593045+08:00,/Applications/KEMI远程办公.app/Contents/MacOS/KEMI远程办公 --cm,1.341,1.2,6833.482,46,,123.79321741666666,,,,90828.8,18686,mac,18666,,mac:--cm,,89888,,30,,,vmmap-18686-006833.txt,
,,2026-09-06T11:44:16+08:00,,9.613,,7431.882,149,12692,123.86666666666666,41074,38959,relay-recreate,,26438,,,102635,KBoard (30s),87,244348,True,52,2,812,,True
,,2026-09-06T11:44:46+08:00,,6.979,,7462.545,114,13120,124.36666666666666,39627,37331,home-resume,,26438,,,101567,KBoard (30s),88,243184,True,52,2,811,,True
131,656,2026-09-06T11:45:13.327524+08:00,,7.482,,6895.216,144,14640,124.8221254,41030,38871,,,26438,pad,,104608,pad:com.newlink.kemi.kboard,,246228,,52,,,,
99041,198592,2026-09-06T11:45:13.327524+08:00,,142.459,,6895.216,264,3892,124.8221254,227038,214111,,,32656,pad,,402514,pad:com.newlinksz.kemi.remote,,641436,,131,,,,
,,2026-09-06T11:45:13.327524+08:00,/Applications/KEMI远程办公.app/Contents/MacOS/KEMI远程办公,15.193,5.9,6895.216,98,,124.8221254,,,,,18666,mac,1,,mac:main,,241392,,79,,,,
,,2026-09-06T11:45:13.327524+08:00,/Applications/KEMI远程办公.app/Contents/MacOS/KEMI远程办公 --cm,1.409,0.0,6895.216,46,,124.8221254,,,,,18686,mac,18666,,mac:--cm,,89888,,30,,,,
,,2026-09-06T11:45:17+08:00,,7.676,,7493.423,148,12644,124.88333333333334,40691,38875,focus-switch,,26438,,,102650,KBoard (30s),88,244220,True,52,2,812,,True
,,2026-09-06T11:45:48+08:00,,9.251,,7524.445,138,22260,125.4,44078,40031,relay-recreate,,26438,,,113311,KBoard (30s),88,255032,True,52,4,829,,True
131,656,2026-09-06T11:46:15.210353+08:00,,8.387,,6957.116,114,12592,125.85350588333334,39589,37887,,,26438,pad,,101629,pad:com.newlink.kemi.kboard,,243204,,52,,,,
99041,198592,2026-09-06T11:46:15.210353+08:00,,164.134,,6957.116,264,3964,125.85350588333334,226905,216023,,,32656,pad,,404634,pad:com.newlinksz.kemi.remote,,643556,,139,,,,
,,2026-09-06T11:46:15.210353+08:00,/Applications/KEMI远程办公.app/Contents/MacOS/KEMI远程办公,14.879,41.6,6957.116,98,,125.85350588333334,,,,,18666,mac,1,,mac:main,,253552,,83,,,,
,,2026-09-06T11:46:15.210353+08:00,/Applications/KEMI远程办公.app/Contents/MacOS/KEMI远程办公 --cm,1.486,0.0,6957.116,46,,125.85350588333334,,,,,18686,mac,18666,,mac:--cm,,89904,,30,,,,
,,2026-09-06T11:46:19+08:00,,7.887,,7555.255,147,12636,125.91666666666667,38823,37039,home-resume,,26438,,,100814,KBoard (30s),89,242388,True,52,2,811,,True
,,2026-09-06T11:46:50+08:00,,7.762,,7586.047,184,15700,126.43333333333334,42244,39615,focus-switch,,26438,,,106486,KBoard (30s),89,248060,False,52,2,812,,False
131,656,2026-09-06T11:47:16.279843+08:00,,8.634,,7018.186,133,21300,126.87133071666668,43987,40159,,,26438,pad,,112493,pad:com.newlink.kemi.kboard,,254200,,52,,,,
99041,198592,2026-09-06T11:47:16.279843+08:00,,168.92,,7018.186,264,4004,126.87133071666668,227425,214535,,,32656,pad,,403282,pad:com.newlinksz.kemi.remote,,642204,,143,,,,
,,2026-09-06T11:47:16.279843+08:00,/Applications/KEMI远程办公.app/Contents/MacOS/KEMI远程办公,14.623,5.2,7018.186,98,,126.87133071666668,,,,,18666,mac,1,,mac:main,,248656,,77,,,,
,,2026-09-06T11:47:16.279843+08:00,/Applications/KEMI远程办公.app/Contents/MacOS/KEMI远程办公 --cm,1.834,0.0,7018.186,46,,126.87133071666668,,,,,18686,mac,18666,,mac:--cm,,89904,,30,,,,
,,2026-09-06T11:47:21+08:00,,8.958,,7616.745,140,13196,126.95,39798,37847,show-hide,,26438,,,102093,KBoard (30s),90,243772,True,52,2,811,,True
,,2026-09-06T11:47:52+08:00,,6.925,,7647.791,144,13328,127.46666666666667,41129,38999,home-resume,,26438,,,103478,KBoard (30s),90,245056,False,52,2,812,,False
131,656,2026-09-06T11:48:17.650062+08:00,,7.759,,7079.556,190,15028,127.8941677,41827,39511,,,26438,pad,,105698,pad:com.newlink.kemi.kboard,,247276,,52,,,,
99043,198596,2026-09-06T11:48:17.650062+08:00,,159.924,,7079.557,264,3920,127.8941677,227981,213971,,,32656,pad,,402615,pad:com.newlinksz.kemi.remote,,641432,,136,,,,
,,2026-09-06T11:48:17.650062+08:00,/Applications/KEMI远程办公.app/Contents/MacOS/KEMI远程办公,14.698,9.5,7079.557,98,,127.8941677,,,,,18666,mac,1,,mac:main,,252192,,82,,,,
,,2026-09-06T11:48:17.650062+08:00,/Applications/KEMI远程办公.app/Contents/MacOS/KEMI远程办公 --cm,1.89,1.0,7079.557,46,,127.8941677,,,,,18686,mac,18666,,mac:--cm,,89904,,30,,,,
,,2026-09-06T11:48:22+08:00,,7.939,,7678.524,144,13648,127.96666666666667,40568,40035,relay-recreate,,26438,,,104678,KBoard (30s),90,246408,True,52,2,812,,True
,,2026-09-06T11:48:53+08:00,,9.165,,7709.293,143,20244,128.48333333333332,44583,40207,show-hide,,26438,,,111511,KBoard (30s),91,253216,True,52,4,831,,True
131,656,2026-09-06T11:49:22.632551+08:00,,8.308,,7144.539,142,13472,128.97720918333331,41378,39147,,,26438,pad,,103782,pad:com.newlink.kemi.kboard,,245368,,52,,,,
99043,198596,2026-09-06T11:49:22.632551+08:00,,159.715,,7144.539,264,3872,128.97720918333331,227979,215231,,,32656,pad,,403707,pad:com.newlinksz.kemi.remote,,642524,,130,,,,
,,2026-09-06T11:49:22.632551+08:00,/Applications/KEMI远程办公.app/Contents/MacOS/KEMI远程办公,15.426,10.8,7144.539,98,,128.97720918333331,,,,856883.2,18666,mac,1,,mac:main,,251264,,80,,,vmmap-18666-007143.txt,
,,2026-09-06T11:49:22.632551+08:00,/Applications/KEMI远程办公.app/Contents/MacOS/KEMI远程办公 --cm,2.023,0.1,7144.539,46,,128.97720918333331,,,,90828.8,18686,mac,18666,,mac:--cm,,89920,,30,,,vmmap-18686-007144.txt,
,,2026-09-06T11:49:24+08:00,,6.913,,7740.104,143,13580,129.0,40693,38551,home-resume,,26438,,,103282,KBoard (30s),91,244868,True,52,2,812,,True
,,2026-09-06T11:49:55+08:00,,8.151,,7771.142,151,15124,129.51666666666668,40715,39435,relay-recreate,,26438,,,105584,KBoard (30s),91,247316,True,52,2,812,,True
131,656,2026-09-06T11:50:24.065012+08:00,,7.955,,7205.972,147,20384,130.00108353333334,44220,40371,,,26438,pad,,111942,pad:com.newlink.kemi.kboard,,253532,,52,,,,
99043,198596,2026-09-06T11:50:24.065012+08:00,,165.609,,7205.972,264,3912,130.00108353333334,226939,213631,,,32656,pad,,402263,pad:com.newlinksz.kemi.remote,,641080,,136,,,,
,,2026-09-06T11:50:24.065012+08:00,/Applications/KEMI远程办公.app/Contents/MacOS/KEMI远程办公,15.563,11.1,7205.972,98,,130.00108353333334,,,,,18666,mac,1,,mac:main,,248464,,80,,,,
,,2026-09-06T11:50:24.065012+08:00,/Applications/KEMI远程办公.app/Contents/MacOS/KEMI远程办公 --cm,2.011,1.4,7205.972,46,,130.00108353333334,,,,,18686,mac,18666,,mac:--cm,,89920,,30,,,,
,,2026-09-06T11:50:26+08:00,,8.464,,7802.334,147,13292,130.03333333333333,39976,37827,show-hide,,26438,,,102006,KBoard (30s),92,243740,False,52,2,811,,False
,,2026-09-06T11:50:57+08:00,,8.148,,7833.017,148,14880,130.55,41649,39243,focus-switch,,26438,,,105175,KBoard (30s),92,246896,True,52,2,812,,True
131,656,2026-09-06T11:51:25.908998+08:00,,8.306,,7267.816,147,15104,131.03181663333334,41008,40459,,,26438,pad,,106709,pad:com.newlink.kemi.kboard,,248344,,52,,,,
99043,198596,2026-09-06T11:51:25.908998+08:00,,157.414,,7267.816,264,3940,131.03181663333334,226894,213623,,,32656,pad,,402261,pad:com.newlinksz.kemi.remote,,641184,,141,,,,
,,2026-09-06T11:51:25.908998+08:00,/Applications/KEMI远程办公.app/Contents/MacOS/KEMI远程办公,15.798,9.8,7267.816,98,,131.03181663333334,,,,,18666,mac,1,,mac:main,,249504,,80,,,,
,,2026-09-06T11:51:25.908998+08:00,/Applications/KEMI远程办公.app/Contents/MacOS/KEMI远程办公 --cm,1.94,3.0,7267.816,46,,131.03181663333334,,,,,18686,mac,18666,,mac:--cm,,89920,,30,,,,
,,2026-09-06T11:51:28+08:00,,9.681,,7863.901,136,19856,131.06666666666666,43933,39455,relay-recreate,,26438,,,110480,KBoard (30s),92,252096,True,52,4,829,,True
,,2026-09-06T11:51:59+08:00,,6.648,,7894.74,147,12624,131.58333333333334,38812,38067,home-resume,,26438,,,101842,KBoard (30s),93,243432,True,52,2,811,,True
131,656,2026-09-06T11:52:27.205759+08:00,,8.06,,7329.113,148,14628,132.05342931666667,40569,38795,,,26438,pad,,104456,pad:com.newlink.kemi.kboard,,246196,,52,,,,
99043,198596,2026-09-06T11:52:27.205759+08:00,,174.847,,7329.113,264,3908,132.05342931666667,227148,214091,,,32656,pad,,402581,pad:com.newlinksz.kemi.remote,,641500,,135,,,,
,,2026-09-06T11:52:27.205759+08:00,/Applications/KEMI远程办公.app/Contents/MacOS/KEMI远程办公,17.032,12.1,7329.113,98,,132.05342931666667,,,,,18666,mac,1,,mac:main,,247680,,80,,,,
,,2026-09-06T11:52:27.205759+08:00,/Applications/KEMI远程办公.app/Contents/MacOS/KEMI远程办公 --cm,2.153,0.8,7329.113,46,,132.05342931666667,,,,,18686,mac,18666,,mac:--cm,,89920,,30,,,,
,,2026-09-06T11:52:29+08:00,,8.808,,7925.508,148,12636,132.08333333333334,40477,38451,focus-switch,,26438,,,102129,KBoard (30s),93,243856,True,52,2,812,,True
,,2026-09-06T11:53:00+08:00,,8.83,,7956.2,149,22420,132.6,44412,40031,show-hide,,26438,,,113509,KBoard (30s),94,255228,True,52,4,831,,True
131,656,2026-09-06T11:53:28.596419+08:00,,8.666,,7390.503,143,12668,133.07660698333333,39615,38303,,,26438,pad,,101994,pad:com.newlink.kemi.kboard,,243716,,52,,,,
99043,198596,2026-09-06T11:53:28.596419+08:00,,163.321,,7390.504,264,3908,133.07660698333333,227301,213895,,,32656,pad,,402420,pad:com.newlinksz.kemi.remote,,641376,,136,,,,
,,2026-09-06T11:53:28.596419+08:00,/Applications/KEMI远程办公.app/Contents/MacOS/KEMI远程办公,17.837,6.9,7390.504,98,,133.07660698333333,,,,,18666,mac,1,,mac:main,,252064,,81,,,,
,,2026-09-06T11:53:28.596419+08:00,/Applications/KEMI远程办公.app/Contents/MacOS/KEMI远程办公 --cm,2.166,0.0,7390.504,46,,133.07660698333333,,,,,18686,mac,18666,,mac:--cm,,89936,,30,,,,
,,2026-09-06T11:53:31+08:00,,8.643,,7986.862,143,12628,133.11666666666667,39272,37007,home-resume,,26438,,,100662,KBoard (30s),94,242380,True,52,2,811,,True
,,2026-09-06T11:54:02+08:00,,6.971,,8017.702,146,16708,133.63333333333333,41065,40235,focus-switch,,26438,,,107998,KBoard (30s),94,249720,True,52,2,812,,True
,,2026-09-06T11:54:32+08:00,,9.231,,8048.469,147,13156,134.13333333333333,39744,37839,show-hide,,26438,,,102165,KBoard (30s),95,243772,True,52,2,811,,True
131,656,2026-09-06T11:54:33.333459+08:00,,8.182,,7455.241,147,20252,134.15555765000002,44125,40051,,,26438,pad,,111351,pad:com.newlink.kemi.kboard,,253080,,52,,,,
99043,198596,2026-09-06T11:54:33.333459+08:00,,158.239,,7455.241,264,4004,134.15555765000002,228355,215175,,,32656,pad,,404069,pad:com.newlinksz.kemi.remote,,642920,,147,,,,
,,2026-09-06T11:54:33.333459+08:00,/Applications/KEMI远程办公.app/Contents/MacOS/KEMI远程办公,17.445,31.8,7455.241,98,,134.15555765000002,,,,908595.2,18666,mac,1,,mac:main,,255504,,79,,,vmmap-18666-007454.txt,
,,2026-09-06T11:54:33.333459+08:00,/Applications/KEMI远程办公.app/Contents/MacOS/KEMI远程办公 --cm,2.156,0.6,7455.241,46,,134.15555765000002,,,,90828.8,18686,mac,18666,,mac:--cm,,89936,,30,,,vmmap-18686-007455.txt,
,,2026-09-06T11:55:03+08:00,,6.612,,8079.173,142,14472,134.65,40986,38579,home-resume,,26438,,,104091,KBoard (30s),95,245828,True,52,2,812,,True
,,2026-09-06T11:55:34+08:00,,7.918,,8109.988,149,12600,135.16666666666666,40587,38091,relay-recreate,,26438,,,101832,KBoard (30s),95,243484,True,52,2,812,,True
131,656,2026-09-06T11:55:35.379014+08:00,,7.4,,7517.286,151,15144,135.18965023333334,41469,40387,,,26438,pad,,106718,pad:com.newlink.kemi.kboard,,248328,,52,,,,
99043,198596,2026-09-06T11:55:35.379014+08:00,,155.005,,7517.287,264,3952,135.18965023333334,227821,215311,,,32656,pad,,403923,pad:com.newlinksz.kemi.remote,,642880,,139,,,,
,,2026-09-06T11:55:35.379014+08:00,/Applications/KEMI远程办公.app/Contents/MacOS/KEMI远程办公,15.691,26.1,7517.287,98,,135.18965023333334,,,,,18666,mac,1,,mac:main,,264032,,80,,,,
,,2026-09-06T11:55:35.379014+08:00,/Applications/KEMI远程办公.app/Contents/MacOS/KEMI远程办公 --cm,2.023,0.0,7517.287,46,,135.18965023333334,,,,,18686,mac,18666,,mac:--cm,,90128,,30,,,,
,,2026-09-06T11:56:05+08:00,,8.448,,8141.001,147,20424,135.68333333333334,44118,40203,show-hide,,26438,,,111822,KBoard (30s),96,253424,False,52,4,831,,False
,,2026-09-06T11:56:36+08:00,,7.225,,8172.003,148,14572,136.2,40331,39107,focus-switch,,26438,,,104739,KBoard (30s),96,246476,True,52,2,812,,True
131,656,2026-09-06T11:56:36.767773+08:00,,8.115,,7578.675,148,14572,136.21279621666665,40798,39107,,,26438,pad,,104731,pad:com.newlink.kemi.kboard,,246468,,52,,,,
99043,198596,2026-09-06T11:56:36.767773+08:00,,168.674,,7578.675,264,3920,136.21279621666665,227373,216071,,,32656,pad,,404657,pad:com.newlinksz.kemi.remote,,643508,,133,,,,
,,2026-09-06T11:56:36.767773+08:00,/Applications/KEMI远程办公.app/Contents/MacOS/KEMI远程办公,15.882,7.7,7578.675,98,,136.21279621666665,,,,,18666,mac,1,,mac:main,,250384,,78,,,,
,,2026-09-06T11:56:36.767773+08:00,/Applications/KEMI远程办公.app/Contents/MacOS/KEMI远程办公 --cm,1.955,0.6,7578.676,46,,136.21279621666665,,,,,18686,mac,18666,,mac:--cm,,90160,,30,,,,
,,2026-09-06T11:57:07+08:00,,9.644,,8202.799,151,15044,136.71666666666667,41051,39407,relay-recreate,,26438,,,105496,KBoard (30s),96,247232,True,52,2,812,,True
,,2026-09-06T11:57:37+08:00,,7.751,,8233.504,147,12624,137.21666666666667,38796,36715,home-resume,,26438,,,100388,KBoard (30s),97,242176,True,52,2,811,,True
131,656,2026-09-06T11:57:37.903456+08:00,,8.414,,7639.811,147,13176,137.23172426666667,39641,37883,,,26438,pad,,102128,pad:com.newlink.kemi.kboard,,243908,,52,,,,
99043,198596,2026-09-06T11:57:37.903456+08:00,,149.733,,7639.811,264,3964,137.23172426666667,228184,215259,,,32656,pad,,403864,pad:com.newlinksz.kemi.remote,,642828,,137,,,,
,,2026-09-06T11:57:37.903456+08:00,/Applications/KEMI远程办公.app/Contents/MacOS/KEMI远程办公,15.343,5.4,7639.811,98,,137.23172426666667,,,,,18666,mac,1,,mac:main,,256928,,79,,,,
,,2026-09-06T11:57:37.903456+08:00,/Applications/KEMI远程办公.app/Contents/MacOS/KEMI远程办公 --cm,1.946,0.1,7639.811,46,,137.23172426666667,,,,,18686,mac,18666,,mac:--cm,,90160,,30,,,,
,,2026-09-06T11:58:08+08:00,,7.598,,8264.171,151,14676,137.73333333333332,41222,39047,focus-switch,,26438,,,104799,KBoard (30s),97,246592,True,52,2,812,,True
,,2026-09-06T11:58:39+08:00,,8.52,,8294.923,135,13120,138.25,39246,37051,show-hide,,26438,,,101408,KBoard (30s),98,243044,True,52,2,809,,True
131,656,2026-09-06T11:58:39.199849+08:00,,7.999,,7701.107,137,22156,138.25333081666668,43792,40063,,,26438,pad,,113298,pad:com.newlink.kemi.kboard,,255096,,52,,,,
99043,198596,2026-09-06T11:58:39.199849+08:00,,165.089,,7701.108,264,4008,138.25333081666668,228306,217247,,,32656,pad,,406125,pad:com.newlinksz.kemi.remote,,644976,,145,,,,
,,2026-09-06T11:58:39.199849+08:00,/Applications/KEMI远程办公.app/Contents/MacOS/KEMI远程办公,16.853,8.6,7701.108,98,,138.25333081666668,,,,,18666,mac,1,,mac:main,,259456,,81,,,,
,,2026-09-06T11:58:39.199849+08:00,/Applications/KEMI远程办公.app/Contents/MacOS/KEMI远程办公 --cm,2.056,0.1,7701.108,46,,138.25333081666668,,,,,18686,mac,18666,,mac:--cm,,90160,,30,,,,
,,2026-09-06T11:59:10+08:00,,7.754,,8325.745,147,12700,138.76666666666668,39174,38151,home-resume,,26438,,,102060,KBoard (30s),98,243696,True,52,2,811,,True
,,2026-09-06T11:59:40+08:00,,8.599,,8356.445,144,12652,139.26666666666668,40196,39555,focus-switch,,26438,,,103303,KBoard (30s),98,245080,True,52,2,812,,True
131,656,2026-09-06T11:59:44.843925+08:00,,7.899,,7766.752,182,16740,139.34739875,42289,39483,,,26438,pad,,107437,pad:com.newlink.kemi.kboard,,249100,,52,,,,
99043,198596,2026-09-06T11:59:44.843925+08:00,,162.02,,7766.752,264,3936,139.34739875,228339,215727,,,32656,pad,,404277,pad:com.newlinksz.kemi.remote,,643232,,136,,,,
,,2026-09-06T11:59:44.843925+08:00,/Applications/KEMI远程办公.app/Contents/MacOS/KEMI远程办公,16.644,8.5,7766.752,98,,139.34739875,,,,855449.6,18666,mac,1,,mac:main,,252080,,81,,,vmmap-18666-007766.txt,
,,2026-09-06T11:59:44.843925+08:00,/Applications/KEMI远程办公.app/Contents/MacOS/KEMI远程办公 --cm,1.787,0.8,7766.752,46,,139.34739875,,,,90828.8,18686,mac,18666,,mac:--cm,,90160,,30,,,vmmap-18686-007766.txt,
,,2026-09-06T12:00:11+08:00,,8.338,,8387.148,143,20304,139.78333333333333,44272,40175,show-hide,,26438,,,111570,KBoard (30s),99,253352,True,52,4,831,,True
,,2026-09-06T12:00:42+08:00,,6.49,,8418.118,144,14468,140.3,41361,38815,home-resume,,26438,,,104485,KBoard (30s),99,246152,True,52,2,812,,True
131,656,2026-09-06T12:00:46.616755+08:00,,8.186,,7828.525,142,12708,140.37694591666664,40516,38459,,,26438,pad,,102379,pad:com.newlink.kemi.kboard,,244044,,52,,,,
99043,198596,2026-09-06T12:00:46.616755+08:00,,147.998,,7828.525,264,3924,140.37694591666664,228338,216595,,,32656,pad,,405039,pad:com.newlinksz.kemi.remote,,643996,,131,,,,
,,2026-09-06T12:00:46.616755+08:00,/Applications/KEMI远程办公.app/Contents/MacOS/KEMI远程办公,13.665,6.7,7828.525,98,,140.37694591666664,,,,,18666,mac,1,,mac:main,,255472,,77,,,,
,,2026-09-06T12:00:46.616755+08:00,/Applications/KEMI远程办公.app/Contents/MacOS/KEMI远程办公 --cm,1.728,0.2,7828.525,46,,140.37694591666664,,,,,18686,mac,18666,,mac:--cm,,90160,,30,,,,
,,2026-09-06T12:01:13+08:00,,8.364,,8448.965,151,14976,140.81666666666666,40885,40379,relay-recreate,,26438,,,106588,KBoard (30s),99,248232,True,52,2,812,,True
,,2026-09-06T12:01:44+08:00,,8.709,,8479.851,147,20464,141.33333333333334,44019,40339,show-hide,,26438,,,112060,KBoard (30s),100,253708,False,52,4,831,,False
131,656,2026-09-06T12:01:48.047988+08:00,,8.612,,7889.956,104,12364,141.40079980000002,38560,37271,,,26438,pad,,100731,pad:com.newlink.kemi.kboard,,242528,,52,,,,
99043,198596,2026-09-06T12:01:48.047988+08:00,,165.023,,7889.956,264,3920,141.40079980000002,227435,213863,,,32656,pad,,402449,pad:com.newlinksz.kemi.remote,,641300,,133,,,,
,,2026-09-06T12:01:48.047988+08:00,/Applications/KEMI远程办公.app/Contents/MacOS/KEMI远程办公,14.178,9.4,7889.956,98,,141.40079980000002,,,,,18666,mac,1,,mac:main,,254016,,79,,,,
,,2026-09-06T12:01:48.047988+08:00,/Applications/KEMI远程办公.app/Contents/MacOS/KEMI远程办公 --cm,2.019,1.6,7889.956,46,,141.40079980000002,,,,,18686,mac,18666,,mac:--cm,,90160,,30,,,,
,,2026-09-06T12:02:15+08:00,,8.265,,8510.583,148,14800,141.85,40908,39171,focus-switch,,26438,,,105080,KBoard (30s),100,246872,True,52,2,812,,True
,,2026-09-06T12:02:45+08:00,,8.813,,8541.334,147,15064,142.35,41267,40239,relay-recreate,,26438,,,106414,KBoard (30s),100,248208,True,52,2,812,,True
131,656,2026-09-06T12:02:50.142389+08:00,,8.836,,7952.051,137,19900,142.43570648333335,43768,39411,,,26438,pad,,110552,pad:com.newlink.kemi.kboard,,252228,,52,,,,
99043,198596,2026-09-06T12:02:50.142389+08:00,,169.699,,7952.051,264,3996,142.43570648333335,226970,214271,,,32656,pad,,402977,pad:com.newlinksz.kemi.remote,,641936,,142,,,,
,,2026-09-06T12:02:50.142389+08:00,/Applications/KEMI远程办公.app/Contents/MacOS/KEMI远程办公,14.848,37.0,7952.051,98,,142.43570648333335,,,,,18666,mac,1,,mac:main,,259664,,79,,,,
,,2026-09-06T12:02:50.142389+08:00,/Applications/KEMI远程办公.app/Contents/MacOS/KEMI远程办公 --cm,1.9,0.1,7952.051,46,,142.43570648333335,,,,,18686,mac,18666,,mac:--cm,,90160,,30,,,,
,,2026-09-06T12:03:16+08:00,,7.303,,8572.143,114,12604,142.86666666666667,38763,37583,home-resume,,26438,,,101436,KBoard (30s),101,243084,True,52,2,811,,True
,,2026-09-06T12:03:47+08:00,,8.06,,8602.913,148,14700,143.38333333333333,40406,38803,focus-switch,,26438,,,104609,KBoard (30s),101,246408,True,52,2,812,,True
131,656,2026-09-06T12:03:51.426044+08:00,,7.446,,8013.334,148,12688,143.45710073333333,40342,38495,,,26438,pad,,102277,pad:com.newlink.kemi.kboard,,244088,,52,,,,
99043,198596,2026-09-06T12:03:51.426044+08:00,,173.526,,8013.335,264,3956,143.45710073333333,226897,213919,,,32656,pad,,402589,pad:com.newlinksz.kemi.remote,,641440,,136,,,,
,,2026-09-06T12:03:51.426044+08:00,/Applications/KEMI远程办公.app/Contents/MacOS/KEMI远程办公,15.697,6.5,8013.335,98,,143.45710073333333,,,,,18666,mac,1,,mac:main,,264560,,80,,,,
,,2026-09-06T12:03:51.426044+08:00,/Applications/KEMI远程办公.app/Contents/MacOS/KEMI远程办公 --cm,1.713,0.1,8013.335,46,,143.45710073333333,,,,,18686,mac,18666,,mac:--cm,,90160,,30,,,,
,,2026-09-06T12:04:17+08:00,,9.398,,8633.557,138,22316,143.88333333333333,43803,40091,show-hide,,26438,,,113648,KBoard (30s),102,255320,True,52,4,829,,True
,,2026-09-06T12:04:48+08:00,,7.096,,8664.279,143,12692,144.4,39672,38243,home-resume,,26438,,,102113,KBoard (30s),102,243824,True,52,2,811,,True
131,656,2026-09-06T12:04:56.388758+08:00,,8.403,,8078.297,143,12668,144.53981263333333,39238,37215,,,26438,pad,,100982,pad:com.newlink.kemi.kboard,,242776,,52,,,,
99043,198596,2026-09-06T12:04:56.388758+08:00,,141.479,,8078.298,264,3920,144.53981263333333,226879,213215,,,32656,pad,,401785,pad:com.newlinksz.kemi.remote,,640740,,138,,,,
,,2026-09-06T12:04:56.388758+08:00,/Applications/KEMI远程办公.app/Contents/MacOS/KEMI远程办公,14.057,11.0,8078.298,98,,144.53981263333333,,,,865382.4,18666,mac,1,,mac:main,,259520,,79,,,vmmap-18666-008077.txt,
,,2026-09-06T12:04:56.388758+08:00,/Applications/KEMI远程办公.app/Contents/MacOS/KEMI远程办公 --cm,1.65,0.1,8078.298,46,,144.53981263333333,,,,90828.8,18686,mac,18666,,mac:--cm,,90160,,30,,,vmmap-18686-008078.txt,
,,2026-09-06T12:05:19+08:00,,8.777,,8695.041,189,15796,144.91666666666666,41800,39671,focus-switch,,26438,,,106728,KBoard (30s),102,248380,False,52,2,812,,False
,,2026-09-06T12:05:50+08:00,,8.616,,8725.798,147,21192,145.43333333333334,44159,40155,show-hide,,26438,,,112447,KBoard (30s),103,254256,True,52,4,831,,True
131,656,2026-09-06T12:05:57.780659+08:00,,8.61,,8139.689,147,13240,145.56301098333333,39772,37851,,,26438,pad,,102176,pad:com.newlink.kemi.kboard,,243988,,52,,,,
99043,198596,2026-09-06T12:05:57.780659+08:00,,168.725,,8139.689,264,3896,145.56301098333333,226510,213643,,,32656,pad,,402193,pad:com.newlinksz.kemi.remote,,641044,,132,,,,
,,2026-09-06T12:05:57.780659+08:00,/Applications/KEMI远程办公.app/Contents/MacOS/KEMI远程办公,14.147,6.0,8139.69,98,,145.56301098333333,,,,,18666,mac,1,,mac:main,,262512,,79,,,,
,,2026-09-06T12:05:57.780659+08:00,/Applications/KEMI远程办公.app/Contents/MacOS/KEMI远程办公 --cm,1.642,0.1,8139.69,46,,145.56301098333333,,,,,18686,mac,18666,,mac:--cm,,90160,,30,,,,
,,2026-09-06T12:06:20+08:00,,8.197,,8756.542,142,13504,145.93333333333334,40886,38843,home-resume,,26438,,,103596,KBoard (30s),103,245248,False,52,2,812,,False
,,2026-09-06T12:06:51+08:00,,6.974,,8787.369,143,12792,146.45,40230,39447,relay-recreate,,26438,,,103608,KBoard (30s),103,245260,True,52,2,812,,True
131,656,2026-09-06T12:06:59.507191+08:00,,7.776,,8201.416,145,12728,146.59178651666667,40719,38563,,,26438,pad,,102479,pad:com.newlink.kemi.kboard,,244180,,52,,,,
99043,198596,2026-09-06T12:06:59.507191+08:00,,173.672,,8201.416,264,3920,146.59178651666667,226375,213687,,,32656,pad,,402290,pad:com.newlinksz.kemi.remote,,641248,,140,,,,
,,2026-09-06T12:06:59.507191+08:00,/Applications/KEMI远程办公.app/Contents/MacOS/KEMI远程办公,14.143,5.1,8201.416,98,,146.59178651666667,,,,,18666,mac,1,,mac:main,,258496,,79,,,,
,,2026-09-06T12:06:59.507191+08:00,/Applications/KEMI远程办公.app/Contents/MacOS/KEMI远程办公 --cm,1.701,1.4,8201.416,46,,146.59178651666667,,,,,18686,mac,18666,,mac:--cm,,90160,,30,,,,
,,2026-09-06T12:07:22+08:00,,10.075,,8818.239,147,19884,146.96666666666667,44112,40211,show-hide,,26438,,,111352,KBoard (30s),104,253004,False,52,4,831,,False
,,2026-09-06T12:07:53+08:00,,6.062,,8848.922,142,14564,147.48333333333332,40824,39115,focus-switch,,26438,,,104794,KBoard (30s),104,246588,True,52,2,812,,True
131,656,2026-09-06T12:08:00.838985+08:00,,7.875,,8262.748,148,12716,147.61398308333335,40439,38799,,,26438,pad,,102597,pad:com.newlink.kemi.kboard,,244400,,52,,,,
99043,198596,2026-09-06T12:08:00.838985+08:00,,152.792,,8262.748,264,3904,147.61398308333335,226507,213827,,,32656,pad,,402425,pad:com.newlinksz.kemi.remote,,641276,,134,,,,
,,2026-09-06T12:08:00.838985+08:00,/Applications/KEMI远程办公.app/Contents/MacOS/KEMI远程办公,13.745,4.9,8262.748,98,,147.61398308333335,,,,,18666,mac,1,,mac:main,,264176,,80,,,,
,,2026-09-06T12:08:00.838985+08:00,/Applications/KEMI远程办公.app/Contents/MacOS/KEMI远程办公 --cm,1.663,0.0,8262.748,46,,147.61398308333335,,,,,18686,mac,18666,,mac:--cm,,90160,,30,,,,
,,2026-09-06T12:08:24+08:00,,9.691,,8879.671,147,14968,148.0,41235,40099,relay-recreate,,26438,,,106181,KBoard (30s),104,247980,True,52,2,812,,True
,,2026-09-06T12:08:54+08:00,,7.682,,8910.264,114,13116,148.5,39764,37951,home-resume,,26438,,,102275,KBoard (30s),105,243992,True,52,2,811,,True
131,656,2026-09-06T12:09:01.972922+08:00,,8.52,,8323.882,147,12716,148.63288203333335,39514,37447,,,26438,pad,,101246,pad:com.newlink.kemi.kboard,,243060,,52,,,,
99043,198596,2026-09-06T12:09:01.972922+08:00,,111.22,,8323.882,264,3920,148.63288203333335,228984,214483,,,32656,pad,,403031,pad:com.newlinksz.kemi.remote,,641996,,136,,,,
,,2026-09-06T12:09:01.972922+08:00,/Applications/KEMI远程办公.app/Contents/MacOS/KEMI远程办公,10.6,1.3,8323.882,102,,148.63288203333335,,,,,18666,mac,1,,mac:main,,280880,,79,,,,
,,2026-09-06T12:09:01.972922+08:00,/Applications/KEMI远程办公.app/Contents/MacOS/KEMI远程办公 --cm,2.061,2.9,8323.882,47,,148.63288203333335,,,,,18686,mac,18666,,mac:--cm,,88272,,30,,,,
,,2026-09-06T12:09:25+08:00,,6.708,,8940.973,148,14576,149.01666666666668,40768,39379,focus-switch,,26438,,,105112,KBoard (30s),105,246768,True,52,2,812,,True
,,2026-09-06T12:09:56+08:00,,8.799,,8971.772,138,22068,149.53333333333333,44214,39971,relay-recreate,,26438,,,113060,KBoard (30s),105,254860,True,52,4,829,,True
131,656,2026-09-06T12:10:06.988767+08:00,,7.556,,8388.898,147,13312,149.71647945,39732,37767,,,26438,pad,,102048,pad:com.newlink.kemi.kboard,,243868,,52,,,,
99059,198628,2026-09-06T12:10:06.988767+08:00,,95.562,,8388.898,264,3864,149.71647945,228614,215231,,,32656,pad,,403652,pad:com.newlinksz.kemi.remote,,642628,,132,,,,
,,2026-09-06T12:10:06.988767+08:00,/Applications/KEMI远程办公.app/Contents/MacOS/KEMI远程办公,9.875,6.8,8388.898,101,,149.71647945,,,,876032.0,18666,mac,1,,mac:main,,238976,,83,,,vmmap-18666-008388.txt,
,,2026-09-06T12:10:06.988767+08:00,/Applications/KEMI远程办公.app/Contents/MacOS/KEMI远程办公 --cm,1.712,0.1,8388.898,47,,149.71647945,,,,83251.2,18686,mac,18666,,mac:--cm,,86976,,30,,,vmmap-18686-008388.txt,
,,2026-09-06T12:10:26+08:00,,7.185,,9002.393,147,12668,150.03333333333333,39958,38351,home-resume,,26438,,,101986,KBoard (30s),106,243800,True,52,2,811,,True
,,2026-09-06T12:10:57+08:00,,7.344,,9033.303,189,15564,150.55,42732,39839,focus-switch,,26438,,,106552,KBoard (30s),106,248208,False,52,2,812,,False
131,656,2026-09-06T12:11:08.574608+08:00,,7.332,,8450.484,145,14000,150.74291013333334,41387,40383,,,26438,pad,,105378,pad:com.newlink.kemi.kboard,,247176,,52,,,,
99107,198724,2026-09-06T12:11:08.574608+08:00,,130.355,,8450.484,264,3916,150.74291013333334,229728,216171,,,32656,pad,,404787,pad:com.newlinksz.kemi.remote,,643808,,138,,,,
,,2026-09-06T12:11:08.574608+08:00,/Applications/KEMI远程办公.app/Contents/MacOS/KEMI远程办公,14.203,11.3,8450.484,101,,150.74291013333334,,,,,18666,mac,1,,mac:main,,247328,,82,,,,
,,2026-09-06T12:11:08.574608+08:00,/Applications/KEMI远程办公.app/Contents/MacOS/KEMI远程办公 --cm,1.379,0.1,8450.484,47,,150.74291013333334,,,,,18686,mac,18666,,mac:--cm,,90848,,30,,,,
,,2026-09-06T12:11:28+08:00,,8.868,,9064.088,147,20092,151.06666666666666,43943,39847,show-hide,,26438,,,111096,KBoard (30s),107,252756,True,52,4,831,,True
,,2026-09-06T12:11:59+08:00,,7.481,,9094.833,147,12712,151.58333333333334,39882,38539,home-resume,,26438,,,102237,KBoard (30s),107,244048,True,52,2,811,,True
131,656,2026-09-06T12:12:09.841382+08:00,,7.604,,8511.751,142,14488,151.76402303333333,40881,38831,,,26438,pad,,104304,pad:com.newlink.kemi.kboard,,246120,,52,,,,
99107,198724,2026-09-06T12:12:09.841382+08:00,,143.494,,8511.751,264,3876,151.76402303333333,229565,215983,,,32656,pad,,404473,pad:com.newlinksz.kemi.remote,,643500,,132,,,,
,,2026-09-06T12:12:09.841382+08:00,/Applications/KEMI远程办公.app/Contents/MacOS/KEMI远程办公,15.784,30.8,8511.751,102,,151.76402303333333,,,,,18666,mac,1,,mac:main,,261488,,91,,,,
,,2026-09-06T12:12:09.841382+08:00,/Applications/KEMI远程办公.app/Contents/MacOS/KEMI远程办公 --cm,1.338,1.2,8511.751,47,,151.76402303333333,,,,,18686,mac,18666,,mac:--cm,,97856,,30,,,,
,,2026-09-06T12:12:30+08:00,,7.771,,9125.59,146,14960,152.1,41125,40039,relay-recreate,,26438,,,106152,KBoard (30s),107,247812,True,52,2,812,,True
,,2026-09-06T12:13:00+08:00,,8.718,,9156.446,147,20228,152.6,44955,40555,show-hide,,26438,,,111936,KBoard (30s),108,253600,True,52,4,831,,True
131,656,2026-09-06T12:13:12.006644+08:00,,8.589,,8573.916,104,12556,152.80011073333333,40248,38459,,,26438,pad,,102156,pad:com.newlink.kemi.kboard,,243820,,52,,,,
99107,198724,2026-09-06T12:13:12.006644+08:00,,171.919,,8573.916,264,3864,152.80011073333333,230885,219011,,,32656,pad,,407517,pad:com.newlinksz.kemi.remote,,646524,,133,,,,
,,2026-09-06T12:13:12.006644+08:00,/Applications/KEMI远程办公.app/Contents/MacOS/KEMI远程办公,17.26,7.0,8573.916,101,,152.80011073333333,,,,,18666,mac,1,,mac:main,,253616,,81,,,,
,,2026-09-06T12:13:12.006644+08:00,/Applications/KEMI远程办公.app/Contents/MacOS/KEMI远程办公 --cm,1.319,0.1,8573.916,47,,152.80011073333333,,,,,18686,mac,18666,,mac:--cm,,97792,,30,,,,
,,2026-09-06T12:13:31+08:00,,7.621,,9187.283,142,14456,153.11666666666667,41049,39047,home-resume,,26438,,,104640,KBoard (30s),108,246452,True,52,2,812,,True
,,2026-09-06T12:14:02+08:00,,8.229,,9218.03,151,15140,153.63333333333333,41392,40895,relay-recreate,,26438,,,107154,KBoard (30s),108,248988,True,52,2,812,,True
131,656,2026-09-06T12:14:13.255990+08:00,,8.587,,8635.165,138,19932,153.82093316666666,43902,39763,,,26438,pad,,110826,pad:com.newlink.kemi.kboard,,252640,,52,,,,
99107,198724,2026-09-06T12:14:13.255990+08:00,,171.561,,8635.166,264,3976,153.82093316666666,228704,215787,,,32656,pad,,404661,pad:com.newlinksz.kemi.remote,,643576,,143,,,,
,,2026-09-06T12:14:13.255990+08:00,/Applications/KEMI远程办公.app/Contents/MacOS/KEMI远程办公,16.67,8.1,8635.166,99,,153.82093316666666,,,,,18666,mac,1,,mac:main,,243536,,83,,,,
,,2026-09-06T12:14:13.255990+08:00,/Applications/KEMI远程办公.app/Contents/MacOS/KEMI远程办公 --cm,1.371,0.0,8635.166,46,,153.82093316666666,,,,,18686,mac,18666,,mac:--cm,,98224,,30,,,,
,,2026-09-06T12:14:33+08:00,,8.113,,9249.09,147,13620,154.15,39647,37903,show-hide,,26438,,,102646,KBoard (30s),109,244464,False,52,2,811,,False
,,2026-09-06T12:15:04+08:00,,7.616,,9279.817,148,14912,154.66666666666666,41261,39191,focus-switch,,26438,,,105212,KBoard (30s),109,247048,True,52,2,812,,True
131,656,2026-09-06T12:15:18.338608+08:00,,7.585,,8700.248,189,13732,154.90564346666667,41671,39291,,,26438,pad,,104286,pad:com.newlink.kemi.kboard,,245964,,52,,,,
99107,198724,2026-09-06T12:15:18.338608+08:00,,161.173,,8700.249,264,3908,154.90564346666667,228175,216159,,,32656,pad,,404849,pad:com.newlinksz.kemi.remote,,643764,,136,,,,
,,2026-09-06T12:15:18.338608+08:00,/Applications/KEMI远程办公.app/Contents/MacOS/KEMI远程办公,15.832,8.7,8700.249,98,,154.90564346666667,,,,922316.8,18666,mac,1,,mac:main,,245312,,79,,,vmmap-18666-008699.txt,
,,2026-09-06T12:15:18.338608+08:00,/Applications/KEMI远程办公.app/Contents/MacOS/KEMI远程办公 --cm,1.29,0.6,8700.249,46,,154.90564346666667,,,,91238.4,18686,mac,18666,,mac:--cm,,100144,,30,,,vmmap-18686-008700.txt,
,,2026-09-06T12:15:35+08:00,,8.542,,9310.723,104,19860,155.18333333333334,43508,39175,relay-recreate,,26438,,,110302,KBoard (30s),109,251980,True,52,4,829,,True
,,2026-09-06T12:16:05+08:00,,7.289,,9341.452,147,12648,155.68333333333334,39144,37255,home-resume,,26438,,,101142,KBoard (30s),110,242820,True,52,2,811,,True
131,656,2026-09-06T12:16:20.831219+08:00,,7.816,,8762.741,142,13680,155.94718698333332,40273,38515,,,26438,pad,,103450,pad:com.newlink.kemi.kboard,,245128,,52,,,,
99107,198724,2026-09-06T12:16:20.831219+08:00,,153.414,,8762.741,264,3864,155.94718698333332,227899,215115,,,32656,pad,,403574,pad:com.newlinksz.kemi.remote,,642576,,130,,,,
,,2026-09-06T12:16:20.831219+08:00,/Applications/KEMI远程办公.app/Contents/MacOS/KEMI远程办公,16.302,11.0,8762.741,98,,155.94718698333332,,,,,18666,mac,1,,mac:main,,253424,,80,,,,
,,2026-09-06T12:16:20.831219+08:00,/Applications/KEMI远程办公.app/Contents/MacOS/KEMI远程办公 --cm,1.329,0.1,8762.741,46,,155.94718698333332,,,,,18686,mac,18666,,mac:--cm,,100896,,30,,,,
,,2026-09-06T12:16:36+08:00,,8.99,,9372.154,148,13616,156.2,40638,39191,focus-switch,,26438,,,103912,KBoard (30s),110,245740,True,52,2,812,,True
,,2026-09-06T12:17:07+08:00,,7.449,,9403.03,142,22144,156.71666666666667,43723,39903,show-hide,,26438,,,113181,KBoard (30s),111,255004,True,52,4,829,,True
131,656,2026-09-06T12:17:22.099139+08:00,,8.605,,8824.008,147,13452,156.96831898333332,39847,37739,,,26438,pad,,102462,pad:com.newlink.kemi.kboard,,244144,,52,,,,
99107,198724,2026-09-06T12:17:22.099139+08:00,,172.637,,8824.009,264,3868,156.96831898333332,229040,215059,,,32656,pad,,403645,pad:com.newlinksz.kemi.remote,,642560,,132,,,,
,,2026-09-06T12:17:22.099139+08:00,/Applications/KEMI远程办公.app/Contents/MacOS/KEMI远程办公,17.203,10.0,8824.009,102,,156.96831898333332,,,,,18666,mac,1,,mac:main,,254000,,81,,,,
,,2026-09-06T12:17:22.099139+08:00,/Applications/KEMI远程办公.app/Contents/MacOS/KEMI远程办公 --cm,1.616,0.4,8824.009,47,,156.96831898333332,,,,,18686,mac,18666,,mac:--cm,,102272,,29,,,,
,,2026-09-06T12:17:38+08:00,,8.931,,9433.82,147,12684,157.23333333333332,39363,38055,home-resume,,26438,,,101990,KBoard (30s),111,243672,True,52,2,811,,True
,,2026-09-06T12:18:08+08:00,,7.843,,9464.55,146,16768,157.73333333333332,41004,40339,focus-switch,,26438,,,108243,KBoard (30s),111,250056,True,52,2,812,,True
131,656,2026-09-06T12:18:23.946519+08:00,,7.83,,8885.855,149,12824,157.99910864999998,40628,38655,,,26438,pad,,102730,pad:com.newlink.kemi.kboard,,244412,,52,,,,
99107,198724,2026-09-06T12:18:23.946519+08:00,,171.8,,8885.855,264,3936,157.99910864999998,228173,215435,,,32656,pad,,404177,pad:com.newlinksz.kemi.remote,,643148,,141,,,,
,,2026-09-06T12:18:23.946519+08:00,/Applications/KEMI远程办公.app/Contents/MacOS/KEMI远程办公,17.802,9.5,8885.855,101,,157.99910864999998,,,,,18666,mac,1,,mac:main,,246864,,83,,,,
,,2026-09-06T12:18:23.946519+08:00,/Applications/KEMI远程办公.app/Contents/MacOS/KEMI远程办公 --cm,1.277,1.3,8885.855,47,,157.99910864999998,,,,,18686,mac,18666,,mac:--cm,,106112,,29,,,,
,,2026-09-06T12:18:39+08:00,,9.013,,9495.507,147,20076,158.25,44291,40283,show-hide,,26438,,,111463,KBoard (30s),112,253308,True,52,4,831,,True
,,2026-09-06T12:19:10+08:00,,6.32,,9526.52,141,14504,158.76666666666668,41227,38899,home-resume,,26438,,,104655,KBoard (30s),112,246368,True,52,2,812,,True
131,656,2026-09-06T12:19:25.217786+08:00,,8.036,,8947.126,148,12812,159.02029643333333,40942,39207,,,26438,pad,,103022,pad:com.newlink.kemi.kboard,,244856,,52,,,,
99107,198724,2026-09-06T12:19:25.217786+08:00,,160.942,,8947.126,264,3920,159.02029643333333,229154,215303,,,32656,pad,,403968,pad:com.newlinksz.kemi.remote,,642900,,135,,,,
,,2026-09-06T12:19:25.217786+08:00,/Applications/KEMI远程办公.app/Contents/MacOS/KEMI远程办公,17.121,29.5,8947.126,98,,159.02029643333333,,,,,18666,mac,1,,mac:main,,258624,,79,,,,
,,2026-09-06T12:19:25.217786+08:00,/Applications/KEMI远程办公.app/Contents/MacOS/KEMI远程办公 --cm,1.257,0.1,8947.126,46,,159.02029643333333,,,,,18686,mac,18666,,mac:--cm,,108208,,30,,,,
,,2026-09-06T12:19:41+08:00,,8.56,,9557.477,151,14904,159.28333333333333,41392,40527,relay-recreate,,26438,,,106568,KBoard (30s),112,248272,True,52,2,812,,True
,,2026-09-06T12:20:12+08:00,,8.35,,9588.494,147,20396,159.8,44364,40431,show-hide,,26438,,,112002,KBoard (30s),113,253692,False,52,4,831,,False
131,656,2026-09-06T12:20:30.820207+08:00,,8.184,,9012.729,143,12676,160.11367011666667,40005,38379,,,26438,pad,,102163,pad:com.newlink.kemi.kboard,,243896,,52,,,,
99107,198724,2026-09-06T12:20:30.820207+08:00,,166.079,,9012.729,264,3912,160.11367011666667,228142,216055,,,32656,pad,,404651,pad:com.newlinksz.kemi.remote,,643672,,136,,,,
,,2026-09-06T12:20:30.820207+08:00,/Applications/KEMI远程办公.app/Contents/MacOS/KEMI远程办公,15.506,14.7,9012.729,98,,160.11367011666667,,,,890880.0,18666,mac,1,,mac:main,,246656,,83,,,vmmap-18666-009011.txt,
,,2026-09-06T12:20:30.820207+08:00,/Applications/KEMI远程办公.app/Contents/MacOS/KEMI远程办公 --cm,1.203,0.5,9012.729,46,,160.11367011666667,,,,90419.2,18686,mac,18666,,mac:--cm,,108688,,30,,,vmmap-18686-009012.txt,
,,2026-09-06T12:20:43+08:00,,7.584,,9619.217,148,14492,160.31666666666666,40765,39035,focus-switch,,26438,,,104556,KBoard (30s),113,246456,True,52,2,812,,True
,,2026-09-06T12:21:14+08:00,,8.782,,9649.961,144,15096,160.83333333333334,41245,39611,relay-recreate,,26438,,,105759,KBoard (30s),113,247656,True,52,2,812,,True
131,656,2026-09-06T12:21:32.159224+08:00,,8.218,,9074.068,147,20144,161.13598706666667,44142,40303,,,26438,pad,,111471,pad:com.newlink.kemi.kboard,,253404,,52,,,,
99107,198724,2026-09-06T12:21:32.159224+08:00,,153.688,,9074.068,264,4036,161.13598706666667,228557,215143,,,32656,pad,,404144,pad:com.newlinksz.kemi.remote,,643060,,147,,,,
,,2026-09-06T12:21:32.159224+08:00,/Applications/KEMI远程办公.app/Contents/MacOS/KEMI远程办公,15.239,10.9,9074.068,98,,161.13598706666667,,,,,18666,mac,1,,mac:main,,247568,,80,,,,
,,2026-09-06T12:21:32.159224+08:00,/Applications/KEMI远程办公.app/Contents/MacOS/KEMI远程办公 --cm,1.256,0.1,9074.068,46,,161.13598706666667,,,,,18686,mac,18666,,mac:--cm,,108704,,30,,,,
,,2026-09-06T12:21:45+08:00,,7.103,,9680.795,115,12608,161.35,39755,38067,home-resume,,26438,,,101851,KBoard (30s),114,243624,True,52,2,811,,True
,,2026-09-06T12:22:15+08:00,,8.164,,9711.538,148,14648,161.85,40591,39403,focus-switch,,26438,,,105131,KBoard (30s),114,247052,True,52,2,812,,True
131,656,2026-09-06T12:22:34.186352+08:00,,7.577,,9136.095,151,14960,162.16977253333334,41378,40615,,,26438,pad,,106876,pad:com.newlink.kemi.kboard,,248684,,52,,,,
99107,198724,2026-09-06T12:22:34.186352+08:00,,173.321,,9136.095,264,3944,162.16977253333334,228078,214943,,,32656,pad,,403615,pad:com.newlinksz.kemi.remote,,642636,,139,,,,
,,2026-09-06T12:22:34.186352+08:00,/Applications/KEMI远程办公.app/Contents/MacOS/KEMI远程办公,17.347,21.5,9136.095,98,,162.16977253333334,,,,,18666,mac,1,,mac:main,,246416,,84,,,,
,,2026-09-06T12:22:34.186352+08:00,/Applications/KEMI远程办公.app/Contents/MacOS/KEMI远程办公 --cm,1.29,0.1,9136.095,46,,162.16977253333334,,,,,18686,mac,18666,,mac:--cm,,108704,,30,,,,
,,2026-09-06T12:22:46+08:00,,9.642,,9742.237,136,20076,162.36666666666667,43332,39419,show-hide,,26438,,,110744,KBoard (30s),115,252728,True,52,4,829,,True
,,2026-09-06T12:23:17+08:00,,7.892,,9772.899,143,12720,162.88333333333333,39728,37723,home-resume,,26438,,,101648,KBoard (30s),115,243648,True,52,2,811,,True
131,656,2026-09-06T12:23:35.503557+08:00,,8.182,,9197.412,148,14512,163.19172595,40416,38715,,,26438,pad,,104451,pad:com.newlink.kemi.kboard,,246440,,52,,,,
99107,198724,2026-09-06T12:23:35.503557+08:00,,173.521,,9197.413,264,3916,163.19172595,227966,216263,,,32656,pad,,404912,pad:com.newlinksz.kemi.remote,,643828,,133,,,,
,,2026-09-06T12:23:35.503557+08:00,/Applications/KEMI远程办公.app/Contents/MacOS/KEMI远程办公,16.439,15.3,9197.413,98,,163.19172595,,,,,18666,mac,1,,mac:main,,248928,,79,,,,
,,2026-09-06T12:23:35.503557+08:00,/Applications/KEMI远程办公.app/Contents/MacOS/KEMI远程办公 --cm,1.288,1.3,9197.413,46,,163.19172595,,,,,18686,mac,18666,,mac:--cm,,109728,,30,,,,
,,2026-09-06T12:23:48+08:00,,8.223,,9803.668,189,13984,163.4,41553,39439,focus-switch,,26438,,,104799,KBoard (30s),115,246644,False,52,2,812,,False
,,2026-09-06T12:24:18+08:00,,8.575,,9834.454,147,21156,163.9,44289,40635,show-hide,,26438,,,113027,KBoard (30s),116,255024,True,52,4,831,,True
131,656,2026-09-06T12:24:37.020604+08:00,,8.642,,9258.929,140,12652,164.21701006666666,39736,37667,,,26438,pad,,101549,pad:com.newlink.kemi.kboard,,243540,,52,,,,
99107,198724,2026-09-06T12:24:37.020604+08:00,,167.068,,9258.931,264,3896,164.21701006666666,229901,218303,,,32656,pad,,406823,pad:com.newlinksz.kemi.remote,,645844,,133,,,,
,,2026-09-06T12:24:37.020604+08:00,/Applications/KEMI远程办公.app/Contents/MacOS/KEMI远程办公,16.37,12.8,9258.931,102,,164.21701006666666,,,,,18666,mac,1,,mac:main,,243872,,89,,,,
,,2026-09-06T12:24:37.020604+08:00,/Applications/KEMI远程办公.app/Contents/MacOS/KEMI远程办公 --cm,1.658,0.6,9258.931,47,,164.21701006666666,,,,,18686,mac,18666,,mac:--cm,,101360,,30,,,,
,,2026-09-06T12:24:49+08:00,,8.195,,9865.204,142,13552,164.41666666666666,40636,38811,home-resume,,26438,,,103739,KBoard (30s),116,245588,False,52,2,812,,False
,,2026-09-06T12:25:20+08:00,,6.979,,9896.008,145,12720,164.93333333333334,40709,39183,relay-recreate,,26438,,,103352,KBoard (30s),116,245244,True,52,2,812,,True
131,656,2026-09-06T12:25:41.992838+08:00,,8.541,,9323.902,137,20076,165.29988063333334,43291,39231,,,26438,pad,,110547,pad:com.newlink.kemi.kboard,,252552,,52,,,,
99107,198724,2026-09-06T12:25:41.992838+08:00,,168.456,,9323.902,264,4024,165.29988063333334,228448,214951,,,32656,pad,,403896,pad:com.newlinksz.kemi.remote,,642812,,144,,,,
,,2026-09-06T12:25:41.992838+08:00,/Applications/KEMI远程办公.app/Contents/MacOS/KEMI远程办公,15.307,5.4,9323.902,98,,165.29988063333334,,,,876339.2,18666,mac,1,,mac:main,,239600,,79,,,vmmap-18666-009323.txt,
,,2026-09-06T12:25:41.992838+08:00,/Applications/KEMI远程办公.app/Contents/MacOS/KEMI远程办公 --cm,1.292,0.0,9323.902,46,,165.29988063333334,,,,87244.8,18686,mac,18666,,mac:--cm,,105344,,30,,,vmmap-18686-009323.txt,
,,2026-09-06T12:25:51+08:00,,10.3,,9926.786,147,13344,165.45,40025,37955,show-hide,,26438,,,102679,KBoard (30s),117,244536,False,52,2,811,,False
,,2026-09-06T12:26:21+08:00,,5.721,,9957.549,142,14548,165.95,40914,38759,focus-switch,,26438,,,104537,KBoard (30s),117,246556,True,52,2,812,,True
131,656,2026-09-06T12:26:43.724278+08:00,,7.847,,9385.633,145,15012,166.32873796666667,40934,40551,,,26438,pad,,106913,pad:com.newlink.kemi.kboard,,248820,,52,,,,
99107,198724,2026-09-06T12:26:43.724278+08:00,,154.981,,9385.634,264,3984,166.32873796666667,227460,214219,,,32656,pad,,402897,pad:com.newlinksz.kemi.remote,,641916,,137,,,,
,,2026-09-06T12:26:43.724278+08:00,/Applications/KEMI远程办公.app/Contents/MacOS/KEMI远程办公,15.85,14.8,9385.634,98,,166.32873796666667,,,,,18666,mac,1,,mac:main,,241792,,81,,,,
,,2026-09-06T12:26:43.724278+08:00,/Applications/KEMI远程办公.app/Contents/MacOS/KEMI远程办公 --cm,1.313,0.1,9385.634,46,,166.32873796666667,,,,,18686,mac,18666,,mac:--cm,,108688,,30,,,,
,,2026-09-06T12:26:52+08:00,,10.029,,9988.361,149,12736,166.46666666666667,40763,39043,relay-recreate,,26438,,,102997,KBoard (30s),117,245016,True,52,2,812,,True
,,2026-09-06T12:27:23+08:00,,7.552,,10019.082,114,13136,166.98333333333332,39488,37335,home-resume,,26438,,,101825,KBoard (30s),118,243732,True,52,2,811,,True
131,656,2026-09-06T12:27:44.980277+08:00,,8.132,,9446.889,142,14540,167.34967128333335,40520,38799,,,26438,pad,,104574,pad:com.newlink.kemi.kboard,,246604,,52,,,,
99107,198724,2026-09-06T12:27:44.980277+08:00,,168.945,,9446.89,264,3932,167.34967128333335,227569,215027,,,32656,pad,,403550,pad:com.newlinksz.kemi.remote,,642580,,131,,,,
,,2026-09-06T12:27:44.980277+08:00,/Applications/KEMI远程办公.app/Contents/MacOS/KEMI远程办公,20.095,47.1,9446.89,98,,167.34967128333335,,,,,18666,mac,1,,mac:main,,248976,,79,,,,
,,2026-09-06T12:27:44.980277+08:00,/Applications/KEMI远程办公.app/Contents/MacOS/KEMI远程办公 --cm,1.518,1.1,9446.89,46,,167.34967128333335,,,,,18686,mac,18666,,mac:--cm,,108688,,30,,,,
,,2026-09-06T12:27:54+08:00,,7.709,,10049.955,148,12784,167.5,40430,38919,focus-switch,,26438,,,103083,KBoard (30s),118,244948,True,52,2,812,,True
,,2026-09-06T12:28:25+08:00,,9.376,,10080.884,138,22340,168.01666666666668,43991,40319,relay-recreate,,26438,,,113914,KBoard (30s),118,255936,True,52,4,829,,True
131,656,2026-09-06T12:28:47.018686+08:00,,8.24,,9508.928,147,13732,168.38364476666666,39713,38103,,,26438,pad,,103184,pad:com.newlink.kemi.kboard,,245092,,52,,,,
99107,198724,2026-09-06T12:28:47.018686+08:00,,156.52,,9508.928,264,3916,168.38364476666666,228176,215423,,,32656,pad,,403954,pad:com.newlinksz.kemi.remote,,642976,,132,,,,
,,2026-09-06T12:28:47.018686+08:00,/Applications/KEMI远程办公.app/Contents/MacOS/KEMI远程办公,17.698,7.3,9508.928,98,,168.38364476666666,,,,,18666,mac,1,,mac:main,,246048,,84,,,,
,,2026-09-06T12:28:47.018686+08:00,/Applications/KEMI远程办公.app/Contents/MacOS/KEMI远程办公 --cm,1.435,0.1,9508.928,46,,168.38364476666666,,,,,18686,mac,18666,,mac:--cm,,108688,,30,,,,
,,2026-09-06T12:28:55+08:00,,7.632,,10111.544,147,12668,168.51666666666668,39509,38007,home-resume,,26438,,,101899,KBoard (30s),119,243920,True,52,2,811,,True
,,2026-09-06T12:29:26+08:00,,7.7,,10142.455,180,15640,169.03333333333333,42280,39611,focus-switch,,26438,,,106655,KBoard (30s),119,248520,False,52,2,812,,False
131,656,2026-09-06T12:29:48.422017+08:00,,8.108,,9570.331,149,14088,169.40703361666667,40918,39915,,,26438,pad,,105376,pad:com.newlink.kemi.kboard,,247260,,52,,,,
99107,198724,2026-09-06T12:29:48.422017+08:00,,173.721,,9570.332,264,3916,169.40703361666667,227177,214347,,,32656,pad,,402956,pad:com.newlinksz.kemi.remote,,641872,,131,,,,
,,2026-09-06T12:29:48.422017+08:00,/Applications/KEMI远程办公.app/Contents/MacOS/KEMI远程办公,16.074,7.9,9570.332,98,,169.40703361666667,,,,,18666,mac,1,,mac:main,,242544,,80,,,,
,,2026-09-06T12:29:48.422017+08:00,/Applications/KEMI远程办公.app/Contents/MacOS/KEMI远程办公 --cm,1.449,0.8,9570.332,46,,169.40703361666667,,,,,18686,mac,18666,,mac:--cm,,107088,,30,,,,
,,2026-09-06T12:29:57+08:00,,8.389,,10173.327,147,20024,169.55,43456,39663,show-hide,,26438,,,111075,KBoard (30s),120,252948,True,52,4,831,,True
,,2026-09-06T12:30:28+08:00,,7.801,,10204.222,147,12736,170.06666666666666,39055,38411,home-resume,,26438,,,102535,KBoard (30s),120,244408,False,52,2,812,,False
131,656,2026-09-06T12:30:52.904366+08:00,,8.025,,9634.814,148,14616,170.48173943333333,40793,38911,,,26438,pad,,104762,pad:com.newlink.kemi.kboard,,246792,,52,,,,
99107,198724,2026-09-06T12:30:52.904366+08:00,,167.041,,9634.814,264,3948,170.48173943333333,227156,214799,,,32656,pad,,403413,pad:com.newlinksz.kemi.remote,,642440,,135,,,,
,,2026-09-06T12:30:52.904366+08:00,/Applications/KEMI远程办公.app/Contents/MacOS/KEMI远程办公,15.39,11.1,9634.814,101,,170.48173943333333,,,,946483.2,18666,mac,1,,mac:main,,241808,,79,,,vmmap-18666-009634.txt,
,,2026-09-06T12:30:52.904366+08:00,/Applications/KEMI远程办公.app/Contents/MacOS/KEMI远程办公 --cm,1.49,0.1,9634.814,46,,170.48173943333333,,,,88883.2,18686,mac,18666,,mac:--cm,,107088,,30,,,vmmap-18686-009634.txt,
,,2026-09-06T12:30:59+08:00,,7.548,,10234.957,145,14972,170.58333333333334,40450,40107,relay-recreate,,26438,,,106335,KBoard (30s),120,248348,True,52,2,812,,True
,,2026-09-06T12:31:30+08:00,,8.432,,10265.673,143,20044,171.1,44323,40239,show-hide,,26438,,,111547,KBoard (30s),121,253560,True,52,4,831,,True
131,656,2026-09-06T12:31:54.340202+08:00,,7.74,,9696.25,147,12736,171.50567003333333,39489,38707,,,26438,pad,,102835,pad:com.newlink.kemi.kboard,,244708,,52,,,,
99107,198724,2026-09-06T12:31:54.340202+08:00,,143.803,,9696.25,264,3992,171.50567003333333,226964,214015,,,32656,pad,,402820,pad:com.newlinksz.kemi.remote,,641736,,138,,,,
,,2026-09-06T12:31:54.340202+08:00,/Applications/KEMI远程办公.app/Contents/MacOS/KEMI远程办公,13.369,7.1,9696.25,98,,171.50567003333333,,,,,18666,mac,1,,mac:main,,252688,,79,,,,
,,2026-09-06T12:31:54.340202+08:00,/Applications/KEMI远程办公.app/Contents/MacOS/KEMI远程办公 --cm,1.481,1.4,9696.25,46,,171.50567003333333,,,,,18686,mac,18666,,mac:--cm,,107088,,30,,,,
,,2026-09-06T12:32:00+08:00,,7.034,,10296.379,142,14400,171.6,40509,38767,focus-switch,,26438,,,104555,KBoard (30s),121,246428,True,52,2,812,,True
,,2026-09-06T12:32:31+08:00,,7.958,,10327.292,151,15060,172.11666666666667,40503,39231,relay-recreate,,26438,,,105703,KBoard (30s),121,247580,True,52,2,812,,True
131,656,2026-09-06T12:32:55.888858+08:00,,8.453,,9757.798,147,20212,172.53148096666666,44704,40739,,,26438,pad,,112225,pad:com.newlink.kemi.kboard,,254244,,52,,,,
99107,198724,2026-09-06T12:32:55.888858+08:00,,153.668,,9757.799,264,3968,172.53148096666666,227190,214371,,,32656,pad,,402992,pad:com.newlinksz.kemi.remote,,642020,,135,,,,
,,2026-09-06T12:32:55.888858+08:00,/Applications/KEMI远程办公.app/Contents/MacOS/KEMI远程办公,14.997,11.9,9757.799,98,,172.53148096666666,,,,,18666,mac,1,,mac:main,,272400,,88,,,,
,,2026-09-06T12:32:55.888858+08:00,/Applications/KEMI远程办公.app/Contents/MacOS/KEMI远程办公 --cm,1.462,1.2,9757.799,46,,172.53148096666666,,,,,18686,mac,18666,,mac:--cm,,107088,,30,,,,
,,2026-09-06T12:33:02+08:00,,8.579,,10358.182,104,12380,172.63333333333333,38716,37931,show-hide,,26438,,,101542,KBoard (30s),122,243580,True,52,2,811,,True
,,2026-09-06T12:33:33+08:00,,7.299,,10389.007,148,14888,173.15,40794,39147,focus-switch,,26438,,,105298,KBoard (30s),122,247336,True,52,2,812,,True
131,656,2026-09-06T12:33:57.597472+08:00,,7.507,,9819.533,147,15040,173.55995786666665,41231,39975,,,26438,pad,,106387,pad:com.newlink.kemi.kboard,,248312,,52,,,,
99107,198724,2026-09-06T12:33:57.597472+08:00,,164.436,,9819.533,264,3920,173.55995786666665,227322,214743,,,32656,pad,,403416,pad:com.newlinksz.kemi.remote,,642440,,140,,,,
,,2026-09-06T12:33:57.597472+08:00,/Applications/KEMI远程办公.app/Contents/MacOS/KEMI远程办公,14.222,8.7,9819.533,98,,173.55995786666665,,,,,18666,mac,1,,mac:main,,254176,,79,,,,
,,2026-09-06T12:33:57.597472+08:00,/Applications/KEMI远程办公.app/Contents/MacOS/KEMI远程办公 --cm,1.523,0.1,9819.533,46,,173.55995786666665,,,,,18686,mac,18666,,mac:--cm,,106576,,30,,,,
,,2026-09-06T12:34:04+08:00,,9.672,,10419.921,139,19716,173.66666666666666,43349,39383,relay-recreate,,26438,,,110369,KBoard (30s),122,252388,True,52,4,829,,True
,,2026-09-06T12:34:35+08:00,,6.992,,10450.669,147,12692,174.18333333333334,38937,38463,home-resume,,26438,,,102384,KBoard (30s),123,244420,True,52,2,811,,True
131,656,2026-09-06T12:34:58.893736+08:00,,7.691,,9880.831,148,14612,174.58156226666668,40298,38567,,,26438,pad,,104595,pad:com.newlink.kemi.kboard,,246472,,52,,,,
99107,198724,2026-09-06T12:34:58.893736+08:00,,157.537,,9880.831,264,3892,174.58156226666668,226953,214287,,,32656,pad,,402893,pad:com.newlinksz.kemi.remote,,641856,,134,,,,
,,2026-09-06T12:34:58.893736+08:00,/Applications/KEMI远程办公.app/Contents/MacOS/KEMI远程办公,15.009,5.5,9880.831,98,,174.58156226666668,,,,,18666,mac,1,,mac:main,,244864,,79,,,,
,,2026-09-06T12:34:58.893736+08:00,/Applications/KEMI远程办公.app/Contents/MacOS/KEMI远程办公 --cm,1.582,1.5,9880.831,46,,174.58156226666668,,,,,18686,mac,18666,,mac:--cm,,106576,,30,,,,
,,2026-09-06T12:35:05+08:00,,8.29,,10481.429,188,13680,174.68333333333334,41774,39335,focus-switch,,26438,,,104423,KBoard (30s),123,246300,False,52,2,812,,False
,,2026-09-06T12:35:36+08:00,,7.819,,10512.251,147,21180,175.2,44404,40423,show-hide,,26438,,,113023,KBoard (30s),124,254904,True,52,4,831,,True
131,656,2026-09-06T12:36:03.382269+08:00,,8.579,,9945.32,140,12688,175.65637114999998,39451,37491,,,26438,pad,,101428,pad:com.newlink.kemi.kboard,,243452,,52,,,,
99107,198724,2026-09-06T12:36:03.382269+08:00,,163.018,,9945.32,264,3888,175.65637114999998,227088,214795,,,32656,pad,,403350,pad:com.newlinksz.kemi.remote,,642372,,135,,,,
,,2026-09-06T12:36:03.382269+08:00,/Applications/KEMI远程办公.app/Contents/MacOS/KEMI远程办公,14.816,48.8,9945.32,98,,175.65637114999998,,,,935628.8,18666,mac,1,,mac:main,,251968,,79,,,vmmap-18666-009944.txt,
,,2026-09-06T12:36:03.382269+08:00,/Applications/KEMI远程办公.app/Contents/MacOS/KEMI远程办公 --cm,1.631,0.3,9945.32,46,,175.65637114999998,,,,88371.2,18686,mac,18666,,mac:--cm,,106576,,30,,,vmmap-18686-009945.txt,
,,2026-09-06T12:36:07+08:00,,8.372,,10543.068,147,12688,175.71666666666667,38869,37271,home-resume,,26438,,,101347,KBoard (30s),124,243228,True,52,2,811,,True
,,2026-09-06T12:36:38+08:00,,7.174,,10573.733,146,16872,176.23333333333332,40954,40467,relay-recreate,,26438,,,108595,KBoard (30s),124,250632,True,52,2,812,,True
131,656,2026-09-06T12:37:04.701814+08:00,,8.134,,10006.64,147,20328,176.67836356666666,43755,39935,,,26438,pad,,111584,pad:com.newlink.kemi.kboard,,253636,,52,,,,
99107,198724,2026-09-06T12:37:04.701814+08:00,,158.479,,10006.64,264,4004,176.67836356666666,227337,214019,,,32656,pad,,402960,pad:com.newlinksz.kemi.remote,,641876,,145,,,,
,,2026-09-06T12:37:04.701814+08:00,/Applications/KEMI远程办公.app/Contents/MacOS/KEMI远程办公,14.028,41.0,10006.64,102,,176.67836356666666,,,,,18666,mac,1,,mac:main,,255664,,84,,,,
,,2026-09-06T12:37:04.701814+08:00,/Applications/KEMI远程办公.app/Contents/MacOS/KEMI远程办公 --cm,1.677,0.1,10006.64,46,,176.67836356666666,,,,,18686,mac,18666,,mac:--cm,,106576,,30,,,,
,,2026-09-06T12:37:08+08:00,,9.597,,10604.473,143,13248,176.73333333333332,40205,37915,show-hide,,26438,,,102507,KBoard (30s),125,244548,True,52,2,811,,True
,,2026-09-06T12:37:39+08:00,,6.393,,10635.286,142,14480,177.25,40529,38887,home-resume,,26438,,,104835,KBoard (30s),125,246744,True,52,2,812,,True
131,656,2026-09-06T12:38:06.421699+08:00,,7.495,,10068.36,147,15200,177.70702831666668,41185,40347,,,26438,pad,,106973,pad:com.newlink.kemi.kboard,,248932,,52,,,,
99107,198724,2026-09-06T12:38:06.421699+08:00,,162.235,,10068.36,264,3928,177.70702831666668,227344,214427,,,32656,pad,,403069,pad:com.newlinksz.kemi.remote,,642092,,138,,,,
,,2026-09-06T12:38:06.421699+08:00,/Applications/KEMI远程办公.app/Contents/MacOS/KEMI远程办公,14.922,4.8,10068.36,98,,177.70702831666668,,,,,18666,mac,1,,mac:main,,258192,,79,,,,
,,2026-09-06T12:38:06.421699+08:00,/Applications/KEMI远程办公.app/Contents/MacOS/KEMI远程办公 --cm,1.701,2.4,10068.361,46,,177.70702831666668,,,,,18686,mac,18666,,mac:--cm,,106576,,30,,,,
,,2026-09-06T12:38:10+08:00,,8.865,,10666.082,149,12736,177.76666666666668,40097,38171,relay-recreate,,26438,,,102216,KBoard (30s),125,244288,True,52,2,812,,True
,,2026-09-06T12:38:41+08:00,,7.382,,10697.103,147,27960,178.28333333333333,38765,40155,show-hide,,26438,,,119455,KBoard (30s),126,261512,False,52,2,811,,False
131,656,2026-09-06T12:39:07.686234+08:00,,7.992,,10129.625,142,14888,178.7281039,40805,39179,,,26438,pad,,105367,pad:com.newlink.kemi.kboard,,247440,,52,,,,
99107,198724,2026-09-06T12:39:07.686234+08:00,,164.828,,10129.625,264,3900,178.7281039,228120,215299,,,32656,pad,,403896,pad:com.newlinksz.kemi.remote,,642812,,131,,,,
,,2026-09-06T12:39:07.686234+08:00,/Applications/KEMI远程办公.app/Contents/MacOS/KEMI远程办公,13.891,5.0,10129.625,98,,178.7281039,,,,,18666,mac,1,,mac:main,,245664,,80,,,,
,,2026-09-06T12:39:07.686234+08:00,/Applications/KEMI远程办公.app/Contents/MacOS/KEMI远程办公 --cm,1.681,0.4,10129.625,46,,178.7281039,,,,,18686,mac,18666,,mac:--cm,,107600,,30,,,,
,,2026-09-06T12:39:12+08:00,,8.938,,10727.758,148,12756,178.8,40835,38951,focus-switch,,26438,,,103014,KBoard (30s),126,245084,True,52,2,812,,True
,,2026-09-06T12:39:43+08:00,,7.995,,10758.653,106,21484,179.31666666666666,43581,37983,relay-recreate,,26438,,,110951,KBoard (30s),126,252864,True,52,4,829,,True
131,656,2026-09-06T12:40:09.087991+08:00,,8.526,,10191.027,114,12656,179.75146651666668,39149,36787,,,26438,pad,,100868,pad:com.newlink.kemi.kboard,,242808,,52,,,,
99107,198724,2026-09-06T12:40:09.087991+08:00,,163.628,,10191.027,264,3924,179.75146651666668,227847,214375,,,32656,pad,,402955,pad:com.newlinksz.kemi.remote,,641980,,135,,,,
,,2026-09-06T12:40:09.087991+08:00,/Applications/KEMI远程办公.app/Contents/MacOS/KEMI远程办公,14.69,14.2,10191.027,98,,179.75146651666668,,,,,18666,mac,1,,mac:main,,252896,,79,,,,
,,2026-09-06T12:40:09.087991+08:00,/Applications/KEMI远程办公.app/Contents/MacOS/KEMI远程办公 --cm,1.775,1.1,10191.027,46,,179.75146651666668,,,,,18686,mac,18666,,mac:--cm,,107600,,30,,,,
,,2026-09-06T12:40:13+08:00,,7.848,,10789.489,147,12716,179.81666666666666,38449,36743,home-resume,,26438,,,100895,KBoard (30s),127,242808,True,52,2,811,,True
,,2026-09-06T12:40:40+08:00,,5.747,,10815.936,105,12424,180.26666666666668,38207,36371,focus-switch,,26438,,,100271,KBoard (30s),127,242184,False,52,2,812,,False
131,656,2026-09-06T12:41:14.149739+08:00,,3.798,,10256.089,105,12676,180.83582898333333,38205,36371,,,26438,pad,,100483,pad:com.newlink.kemi.kboard,,242396,,52,,,,
99107,198724,2026-09-06T12:41:14.149739+08:00,,203.778,,10256.09,264,3704,180.83582898333333,226839,214079,,,32656,pad,,402472,pad:com.newlinksz.kemi.remote,,641388,,131,,,,
,,2026-09-06T12:41:14.149739+08:00,/Applications/KEMI远程办公.app/Contents/MacOS/KEMI远程办公,13.519,8.6,10256.09,98,,180.83582898333333,,,,898048.0,18666,mac,1,,mac:main,,254720,,78,,,vmmap-18666-010255.txt,
,,2026-09-06T12:41:14.149739+08:00,/Applications/KEMI远程办公.app/Contents/MacOS/KEMI远程办公 --cm,1.803,1.4,10256.09,46,,180.83582898333333,,,,89395.2,18686,mac,18666,,mac:--cm,,107616,,30,,,vmmap-18686-010256.txt,
